"process","resource","type","trl","trl.reference","trl.notes","scale","scale.ref","scale.notes","capacity.max","capacity.min","capacity.other.i","capacity.other.ii","capacity.other.iii","capacity.other.iv","capacity.other.v"
"activated-sludge-ozone.yaml","effluent","waste","c",,,"TODO","http://www.sciencedirect.com/science/article/pii/S0011916406013130, http://staff.ppu.edu/iceep/abstracts/Locally%20Made%20Small%20Scale%20Activated%20Sludge%20Wastewater%20Treatment%20Plants%20...%20%D8%8C%20Abumohor%20Elias%20&%20Isaac%20Jad.pdf","3000 m3/day (seves small town of 13200 people), small-scale for a family, betweenm 0.6-1m3 per day",36.938,0.0116,,,,,
"activated-sludge.yaml","effluent","waste","c",,,"TODO","http://www.sciencedirect.com/science/article/pii/S0000000000000001","3000 m3/day (seves small town of 13200 people), small-scale for a family, betweenm 0.6-1m3 per day",36.938,0.0116,,,,,
"algae-cultivation.yaml","algae","prod","c","http://allaboutalgae.com/open-pond/, Currently in use in the US",,"TODO","http://www.sciencedirect.com/science/article/pii/S0960852409012449","100000 kg biomass production per year, 0.35 g/L/day=4.05e-12 kg/L/s, assume range of 1e3 to 1e9 litres",0.00405,4.05E-009,,,,,
"algae-production-C02.yaml","algae","prod","c",,,"TODO","http://www.sciencedirect.com/science/article/pii/S0960852409012449, Assume as above, for a production pond","100000 kg biomass production per year, 0.35 g/L/day=4.05e-12 kg/L/s, assume range of 1e3 to 1e9 litres",0.00405,4.05E-009,,,,,
"algae-production-photobioreactor-flatPlate.yaml","algae","prod","m","https://en.wikipedia.org/wiki/Photobioreactor",,"TODO","http://pubs.acs.org/doi/abs/10.1021/ie901459u, http://www.water.rutgers.edu/Educational_Programs/Senior%20Design2008/Algae%20to%20Energy%20Report.pdf","125 L (optimum size), Max trial production rate of 2.04 g/L/d, no need to scale the unit capacity: just have more units",0.00000295,"NA",,,,,
"algae-production-photobioreactor-tubular.yaml","algae","prod","m","https://en.wikipedia.org/wiki/Photobioreactor",,"TODO","http://pubs.acs.org/doi/abs/10.1021/ie901459u","125 L (optimum size). Assume as above.",0.00000295,"NA",,,,,
"amineScrubbing.yaml","CO2","waste","c",,,"TODO",,"1e12 kg (arbitrarily large number because we assume it can be freely multiplied up according to the powerplant)","e12","NA",,,,,
"anaerobic-digester-anammox.yaml","wastewater","waste","c",,,"TODO","http://www.sciencedirect.com/science/article/pii/S0960852410013404","5426504 kg of influent over 14 months, assume smallest scale at 1m3 per day (as for activated-sludge-anammox.yaml)",0.149,0.0116,,,,,
"anaerobicDigestion_municipalWasteWater.yaml","wastewater","waste","c",,,"TODO","https://en.wikipedia.org/wiki/Membrane_bioreactor, http://www.sciencedirect.com/science/book/9781856174817","Up to 48 million litres per day",555.6,0.0116,,,,,
"anaerobicDigestion_sewageSludge_manure.yaml","wastewater","waste","c",,,"TODO","http://www.sciencedirect.com/science/article/pii/S0960148112003552","2566.23 kg/s (summing total influents)., assume smallest scale at 1m3 per day (as for activated-sludge-anammox.yaml)",1796.361,0.0116,,,,,
"anaerobicDigestion_sewageSludge.yaml","wastewater","waste","c",,,"TODO","http://www.sciencedirect.com/science/article/pii/S0960148112003552","2566.23 kg/s (summing total influents)., assume smallest scale at 1m3 per day (as for activated-sludge-anammox.yaml)",1796.361,0.0116,,,,,
"anaerobicDigestion_usedOil.yaml","wastewater","waste","c",,,"TODO","http://www.sciencedirect.com/science/article/pii/S0960148112003552","2566.23 kg/s (summing total influents)., assume smallest scale at 1m3 per day (as for activated-sludge-anammox.yaml)",1796.361,0.0116,,,,,
"AnMBR-reverseOsmosis_wastewater.yaml","wastewater","waste","m","http://www.iwaponline.com/wst/05605/0211/056050211.pdf","Pilot plant","TODO","https://en.wikipedia.org/wiki/Membrane_bioreactor, http://www.sciencedirect.com/science/book/9781856174817","Up to 48 million litres per day. Assume that when commercialised, the process will scale up to the size of other similar processes, assume smallest scale at 1m3 per day (as for activated-sludge-anammox.yaml)",555.6,0.0116,,,,,
"biochemical_cornStover_ethanol.yaml","elec","prod","c",,,"TODO","http://link.springer.com/article/10.1007/s00267-010-9494-2#page-13, http://www.ethanolproducer.com/articles/8623/small-scale-step-forward","18248 kW, small scale produces 2 gal ethanol per hour (used to calculate minimum electricity output)",18.248,0.007243,,,,,
"biochemical_wastePaper_ethanol.yaml","elec","prod","c",,,"TODO","http://link.springer.com/article/10.1007/s00267-010-9494-2#page-12","22989 kW, small scale produces 2 gal ethanol per hour (used to calculate minimum electricity output)",22.989,0.0084985,,,,,
"biochemical_wheatStraw_ethanol.yaml","elec","prod","c",,,"TODO","http://link.springer.com/article/10.1007/s00267-010-9494-2#page-11","20299 kW, small scale produces 2 gal ethanol per hour (used to calculate minimum electricity output)",20.299,0.009477,,,,,
"biochemical_woodChips_ethanol.yaml","elec","prod","c",,,"TODO","http://link.springer.com/article/10.1007/s00267-010-9494-2#page-10","19543 kW, small scale produces 2 gal ethanol per hour (used to calculate minimum electricity output)",19.543,0.00783,,,,,
"biodiesel_boiler.yaml","heat","prod","c",,,"TODO","http://ac.els-cdn.com/S0360544204001215/1-s2.0-S0360544204001215-main.pdf?_tid=3bab3f92-e760-11e4-a574-00000aacb35d&acdnat=1429536303_c75fb9294d87d9c0f19a3a90498aae5b","512 kW (school scale), domestic applications at the small-scale (http://biofuelrefineries.co.uk/green-qs-answered/using-biodiesel-for-heating/), range of boiler sizes taken from http://bpec.org.uk/downloads/CE30%20-%20Domestic%20heating%20by%20gas.pdf",0.512,0.025,0.03,0.035,0.04,0.045,0.05
"biodiesel-CHP.yaml","elec","prod","c",,,"CHECK REFERENCE",,,"CHECK-REFERENCE","NA",,,,,
"biodiesel-cookingOil.yaml","biodiesel","prod","c","http://www.extension.org/pages/27537/commercial-and-large-scale-biodiesel-production-systems#.Va4YrR9Pabk",,"TODO","http://www.extension.org/pages/27537/commercial-and-large-scale-biodiesel-production-systems#.Va4YrR9Pabk, http://www.vegetableoildiesel.co.uk/","Larger plants greater than 4 million L/year, small-scale systems produce 400 L in 5 hours (assume density of 0.87 kg/L http://www.sciencedirect.com/science/article/pii/S0960148108000773)",0.12,0.0193,,,,,
"biogas-agri.yaml","biomassAgriWaste","waste","c","http://www.biocycle.net/2010/02/23/anaerobic-digestion-of-msw-in-europe/. almost 200 digesters in Europe by end of 2010",,"TODO","http://www.biocycle.net/2010/02/23/anaerobic-digestion-of-msw-in-europe/. almost 200 digesters in Europe by end of 2010","Typical plants digest 30-70% of 100000-200000 tons per year. Smaller units digest 8000-15000 tpy, larger units digest 30000-50000 tpy.",4.439,0.254,,,,,
"biogas-CHP.yaml","elec","prod","c",,,"TODO","http://www.epa.gov/chp/documents/catalog_chptech_full.pdf, Assume as for other similar CHP processes","0.5-300  Mwe",300,0.5,,,,,
"biogas-food.yaml","elec","prod","c","http://www.sciencedirect.com/science/article/pii/S0960148111005957",,"all scales","http://www.biocycle.net/2010/02/23/anaerobic-digestion-of-msw-in-europe/. almost 200 digesters in Europe by end of 2010, assume as for biogas-agri.yaml","Typical plants digest 30-70% of 100000-200000 tons per year. Smaller units digest 8000-15000 tpy, larger units digest 30000-50000 tpy.",4.439,0.254,,,,,
"biogas-MSW-sewage.yaml","MSW","waste","c","http://www.sciencedirect.com/science/article/pii/S0304389406007953","Addition to wastewater","TODO","http://www.biocycle.net/2010/02/23/anaerobic-digestion-of-msw-in-europe/. almost 200 digesters in Europe by end of 2010, assume as for biogas-agri.yaml","Typical plants digest 30-70% of 100000-200000 tons per year. Smaller units digest 8000-15000 tpy, larger units digest 30000-50000 tpy.",4.439,0.254,,,,,
"biogas-MSW.yaml","MSW","waste","c",,,"TODO","http://www.biocycle.net/2010/02/23/anaerobic-digestion-of-msw-in-europe/. almost 200 digesters in Europe by end of 2010, assume as for biogas-agri.yaml","Typical plants digest 30-70% of 100000-200000 tons per year. Smaller units digest 8000-15000 tpy, larger units digest 30000-50000 tpy.",4.439,0.254,,,,,
"biogas-municipalFoodWaste-greenWaste-CNG-heat-elec.yaml","MSW","waste","m","http://www.sciencedirect.com/science/article/pii/S0961953410004757","Proposed pilot plant","TODO","http://www.biocycle.net/2010/02/23/anaerobic-digestion-of-msw-in-europe/. almost 200 digesters in Europe by end of 2010, assume as for biogas-agri.yaml","Typical plants digest 30-70% of 100000-200000 tons per year. Smaller units digest 8000-15000 tpy, larger units digest 30000-50000 tpy.",4.439,0.254,,,,,
"biogas-municipalFoodWaste-greenWaste-CNG-heat.yaml","MSW","waste","m","http://www.sciencedirect.com/science/article/pii/S0000000000000001","Proposed pilot plant","u","http://www.biocycle.net/2010/02/23/anaerobic-digestion-of-msw-in-europe/. almost 200 digesters in Europe by end of 2010, assume as for biogas-agri.yaml","Typical plants digest 30-70% of 100000-200000 tons per year. Smaller units digest 8000-15000 tpy, larger units digest 30000-50000 tpy.",4.439,0.254,,,,,
"biogas-municipalFoodWaste-greenWaste-CNG.yaml","MSW","waste","m","http://www.sciencedirect.com/science/article/pii/S0000000000000002","Proposed pilot plant","TODO","http://www.biocycle.net/2010/02/23/anaerobic-digestion-of-msw-in-europe/. almost 200 digesters in Europe by end of 2010, assume as for biogas-agri.yaml","Typical plants digest 30-70% of 100000-200000 tons per year. Smaller units digest 8000-15000 tpy, larger units digest 30000-50000 tpy.",4.439,0.254,,,,,
"biogas-municipalFoodWaste-greenWaste-elec.yaml","MSW","waste","m","http://www.sciencedirect.com/science/article/pii/S0000000000000003","Proposed pilot plant","TODO","http://www.biocycle.net/2010/02/23/anaerobic-digestion-of-msw-in-europe/. almost 200 digesters in Europe by end of 2010, assume as for biogas-agri.yaml","Typical plants digest 30-70% of 100000-200000 tons per year. Smaller units digest 8000-15000 tpy, larger units digest 30000-50000 tpy.",4.439,0.254,,,,,
"biogas-UPGRADE-biomethane-AwR.yaml","methane","prod","c","http://www.sgc.se/ckfinder/userfiles/files/SGC270.pdf","Identifies existing plants","TODO","http://www.iea-biogas.net/files/daten-redaktion/download/publi-task37/upgrading_rz_low_final.pdf, http://www.engineeringtoolbox.com/gas-density-d_158.html","Capcity for gas range from 20 m3/hour to 13000 m3/hour, assume methane density is 0.668 kg/m3",0.24,0.254,,,,,
"biogas-UPGRADE-biomethane-BABIU.yaml","methane","prod","c","http://www.sgc.se/ckfinder/userfiles/files/SGC270.pdf","Identifies existing plants","TODO","http://www.iea-biogas.net/files/daten-redaktion/download/publi-task37/upgrading_rz_low_final.pdf, http://www.engineeringtoolbox.com/gas-density-d_158.html","Capcity for gas range from 20 m3/hour to 13000 m3/hour, assume methane density is 0.668 kg/m3",0.24,0.254,,,,,
"biogas-UPGRADE-biomethane-HPWS.yaml","methane","prod","c","http://www.sgc.se/ckfinder/userfiles/files/SGC270.pdf","Identifies existing plants","TODO","http://www.iea-biogas.net/files/daten-redaktion/download/publi-task37/upgrading_rz_low_final.pdf, http://www.engineeringtoolbox.com/gas-density-d_158.html","Capcity for gas range from 20 m3/hour to 13000 m3/hour, assume methane density is 0.668 kg/m3",0.24,0.254,,,,,
"biogas-vegWaste.yaml","methane","prod","c","http://www.sgc.se/ckfinder/userfiles/files/SGC270.pdf","Identifies existing plants","TODO","http://www.iea-biogas.net/files/daten-redaktion/download/publi-task37/upgrading_rz_low_final.pdf, http://www.engineeringtoolbox.com/gas-density-d_158.html","Capcity for gas range from 20 m3/hour to 13000 m3/hour, ADD SMALLER LOCAL UNITS TOO, e.g. http://www.biofermenergy.com/references/allen-farms-small-scale-digester/",0.24,0.254,,,,,
"biomass_biogas-biodiesel.yaml","biodiesel","prod","r","http://www.biofuelstp.eu/btl.html","Proposed projects, some existing projects, and some pilot plants","u","http://www.biofuelstp.eu/btl.html","Example project produces 50000 t biodiesel p.a.",0.158,"NA","***",,,,
"biomass_ethanol.yaml","ethanol","prod","r","https://en.wikipedia.org/wiki/Cellulosic_ethanol_commercialization","First commercial-scale plants in 2013","u","https://en.wikipedia.org/wiki/Cellulosic_ethanol_commercialization","Plants between 5m-70m litres p.a. (see Table)",2.22,0.159,,,,,
"biomass-gasification.yaml","elec","prod","r","http://www.eubia.org/index.php/about-biomass/pyrolysis-and-gasification/gasification","Commercial penetration still low due to costs (2012)","TODO","https://www.ashden.org/biomass-gasification","Lots of small-scale (130 MW) off-grid systems in Asia, small-scale generators http://www.sciencedirect.com/science/article/pii/S1876610214000289",130,0.14,1,,,,
"biomass-hydrogen-dark-fermentation.yaml","hydrogen","prod","ml","http://www.sciencedirect.com/science/article/pii/S0360319907004065, http://www.sciencedirect.com/science/article/pii/S0360319914014827","Not yet at commercial-scale (only lab)","TODO","https://books.google.com/books?id=p53AAgAAQBAJ&pg=PA355&lpg=PA355&dq=biohydrogen+production+plant+capacity&source=bl&ots=tT2iWdMkvx&sig=Z8dyxvstdEDckfl3dveczmwGOkk&hl=en&sa=X&ved=0CFAQ6AEwBmoVChMItcbHoOSjxwIVaSPbCh1FmgQo#v=onepage&q=biohydrogen%20production%20plant%20capacity&f=false","Assume a plant of 3600 GJ/day, after commercialisation (=280000 m3/day)",0.2913,"NA","***",,,,
"biomass-hydrogen-electrochem.yaml","hydrogen","prod","ml","http://www.sciencedirect.com/science/article/pii/S0360319907004065, http://www.sciencedirect.com/science/article/pii/S0000000000000001","Not yet at commercial-scale (only lab)","TODO","https://books.google.com/books?id=p53AAgAAQBAJ&pg=PA355&lpg=PA355&dq=biohydrogen+production+plant+capacity&source=bl&ots=tT2iWdMkvx&sig=Z8dyxvstdEDckfl3dveczmwGOkk&hl=en&sa=X&ved=0CFAQ6AEwBmoVChMItcbHoOSjxwIVaSPbCh1FmgQo#v=onepage&q=biohydrogen%20production%20plant%20capacity&f=false","Assume a plant of 3600 GJ/day, after commercialisation (=280000 m3/day)",0.2913,"NA","***",,,,
"biomass-hydrogen-photo-fermentation.yaml","hydrogen","prod","ml","http://www.sciencedirect.com/science/article/pii/S0360319907004065, http://www.sciencedirect.com/science/article/pii/S0000000000000002","Not yet at commercial-scale (only lab)","TODO","https://books.google.com/books?id=p53AAgAAQBAJ&pg=PA355&lpg=PA355&dq=biohydrogen+production+plant+capacity&source=bl&ots=tT2iWdMkvx&sig=Z8dyxvstdEDckfl3dveczmwGOkk&hl=en&sa=X&ved=0CFAQ6AEwBmoVChMItcbHoOSjxwIVaSPbCh1FmgQo#v=onepage&q=biohydrogen%20production%20plant%20capacity&f=false","Assume a plant of 3600 GJ/day, after commercialisation  (=280000 m3/day)",0.2913,"NA","***",,,,
"biomass-hydrogen-two-stage.yaml","hydrogen","prod","ml","http://www.sciencedirect.com/science/article/pii/S0360319907004065, http://www.sciencedirect.com/science/article/pii/S0000000000000003","Not yet at commercial-scale (only lab)","TODO","https://books.google.com/books?id=p53AAgAAQBAJ&pg=PA355&lpg=PA355&dq=biohydrogen+production+plant+capacity&source=bl&ots=tT2iWdMkvx&sig=Z8dyxvstdEDckfl3dveczmwGOkk&hl=en&sa=X&ved=0CFAQ6AEwBmoVChMItcbHoOSjxwIVaSPbCh1FmgQo#v=onepage&q=biohydrogen%20production%20plant%20capacity&f=false","Assume a plant of 3600 GJ/day, after commercialisation (=280000 m3/day)",0.2913,"NA","***",,,,
"biomass-pyrolysis.yaml","biooil","prod","c","http://www.soci.org/~/media/Files/Conference%20Downloads/2012/Processing%20Lignocellulosic%20Biomass%20Nov%202012/R036_C_Peacocke_CPI_8th_Nov_2012_PUBLISH.ashx","Several UK plants","TODO","http://www.soci.org/~/media/Files/Conference%20Downloads/2012/Processing%20Lignocellulosic%20Biomass%20Nov%202012/R036_C_Peacocke_CPI_8th_Nov_2012_PUBLISH.ashx","E.g. 1 MW, 4 MW",4,1,,,,,
"biomass-to-DME-gasification.yaml","DME","prod","m","http://www.biofuelstp.eu/factsheets/dme-fact-sheet.html","One demo plant (Sweden)","TODO","http://www.sciencedirect.com/science/article/pii/S0961953411002960","13.085 t/hour",3.63,"NA","***",,,,
"biomass-to-hydrogen-gasification.yaml","hydrogen","prod","ml","http://www.vtt.fi/inf/pdf/workingpapers/2009/W131.pdf","Several demo plants to produce transport fuels, which could be adapted.","TODO","http://www.vtt.fi/inf/pdf/workingpapers/2009/W131.pdf","Plants range from few MW (<10), or 50000 t per year of methanol equivalent production",1.58,"NA","***",,,,
"biomass-to-methanol-gasification.yaml","methanol","prod","r","http://www.biofuelstp.eu/methanol.html","slowly emerging","TODO","http://www.sciencedirect.com/science/article/pii/S0961953411002960","18.237 t/hour",5.06,"NA","***",,,,
"CHP-biomass.yaml","elec","prod","c",,,"TODO","http://www.turboden.eu/en/public/downloads/report_on_lienz_plant.pdf","1000 kW, Assume minimum value of other CHP devices",1,0.005,,,,,
"CHP-decentralised-fuelCell_biomass.yaml","elec","prod","m","http://www.sciencedirect.com/science/article/pii/S0360544213005458","Data from demo plant and simulation","TODO","http://www.sciencedirect.com/science/article/pii/S0360544213005458","Simulation of 3MWth plant",3,0.005,,,,,
"CHP-fuelCell_hydrogen.yaml","elec","prod","c","http://www.epa.gov/chp/documents/catalog_chptech_full.pdf",,"TODO","http://www.epa.gov/chp/documents/catalog_chptech_full.pdf","5 kw to 2 MW",2,0.005,,,,,
"CHP-gas_fuelOil.yaml","elec","prod","c","http://www.epa.gov/chp/documents/catalog_chptech_full.pdf",,"TODO","http://www.epa.gov/chp/documents/catalog_chptech_full.pdf","0.5-300  Mwe",300,0.5,,,,,
"CHP-gas_landfillGas.yaml","elec","prod","c","http://www.epa.gov/chp/documents/catalog_chptech_full.pdf",,"TODO","http://www.epa.gov/chp/documents/catalog_chptech_full.pdf","0.5-300  Mwe",300,0.5,,,,,
"CHP-gas_natGas.yaml","elec","prod","c","http://www.epa.gov/chp/documents/catalog_chptech_full.pdf",,"TODO","http://www.epa.gov/chp/documents/catalog_chptech_full.pdf","0.5-300  Mwe",300,0.5,,,,,
"CHP-microturbine_liquidFuel.yaml","elec","prod","c","http://www.epa.gov/chp/documents/catalog_chptech_full.pdf",,"TODO","http://www.epa.gov/chp/documents/catalog_chptech_full.pdf","0.03-1 MWe ",1,0.03,,,,,
"CHP-microturbine_natGas.yaml","elec","prod","c","http://www.epa.gov/chp/documents/catalog_chptech_full.pdf",,"TODO","http://www.epa.gov/chp/documents/catalog_chptech_full.pdf","0.03-1 MWe ",1,0.03,,,,,
"CHP-recip_LPG.yaml","elec","prod","c","http://www.epa.gov/chp/documents/catalog_chptech_full.pdf",,"TODO","http://www.epa.gov/chp/documents/catalog_chptech_full.pdf","0.005-10 Mwe",10,0.005,,,,,
"CHP-recip_natGas.yaml","elec","prod","c","http://www.epa.gov/chp/documents/catalog_chptech_full.pdf",,"TODO","http://www.epa.gov/chp/documents/catalog_chptech_full.pdf","0.005-10 Mwe",10,0.005,,,,,
"CHP-recip_wasteGas.yaml","elec","prod","c","http://www.epa.gov/chp/documents/catalog_chptech_full.pdf",,"TODO","http://www.epa.gov/chp/documents/catalog_chptech_full.pdf","0.005-10 Mwe",10,0.005,,,,,
"CHP-steam-large_biogas.yaml","elec","prod","c","http://www.epa.gov/chp/documents/catalog_chptech_full.pdf",,"TODO","http://www.epa.gov/chp/documents/catalog_chptech_full.pdf","Assume 500 Mwe",500,"NA","By definition, these don't need minimum values",,,,
"CHP-steam-large_fuelOil.yaml","elec","prod","c","http://www.epa.gov/chp/documents/catalog_chptech_full.pdf",,"TODO","http://www.epa.gov/chp/documents/catalog_chptech_full.pdf","Assume 500 Mwe",500,"NA","By definition, these don't need minimum values",,,,
"CHP-steam-large_hydrogen.yaml","elec","prod","c","http://www.epa.gov/chp/documents/catalog_chptech_full.pdf",,"TODO","http://www.epa.gov/chp/documents/catalog_chptech_full.pdf","Assume 500 Mwe",500,"NA","By definition, these don't need minimum values",,,,
"CHP-steam-large_landfillGas.yaml","elec","prod","c","http://www.epa.gov/chp/documents/catalog_chptech_full.pdf",,"TODO","http://www.epa.gov/chp/documents/catalog_chptech_full.pdf","Assume 500 Mwe",500,"NA","By definition, these don't need minimum values",,,,
"CHP-steam-large_liquidFuel.yaml","elec","prod","c","http://www.epa.gov/chp/documents/catalog_chptech_full.pdf",,"TODO","http://www.epa.gov/chp/documents/catalog_chptech_full.pdf","Assume 500 Mwe",500,"NA","By definition, these don't need minimum values",,,,
"CHP-steam-large_LPG.yaml","elec","prod","c","http://www.epa.gov/chp/documents/catalog_chptech_full.pdf",,"TODO","http://www.epa.gov/chp/documents/catalog_chptech_full.pdf","Assume 500 Mwe",500,"NA","By definition, these don't need minimum values",,,,
"CHP-steam-large_methanol.yaml","elec","prod","c","http://www.epa.gov/chp/documents/catalog_chptech_full.pdf",,"TODO","http://www.epa.gov/chp/documents/catalog_chptech_full.pdf","Assume 500 Mwe",500,"NA","By definition, these don't need minimum values",,,,
"CHP-steam-large_natGas.yaml","elec","prod","c","http://www.epa.gov/chp/documents/catalog_chptech_full.pdf",,"TODO","http://www.epa.gov/chp/documents/catalog_chptech_full.pdf","Assume 500 Mwe",500,"NA","By definition, these don't need minimum values",,,,
"CHP-steam-large_propane.yaml","elec","prod","c","http://www.epa.gov/chp/documents/catalog_chptech_full.pdf",,"TODO","http://www.epa.gov/chp/documents/catalog_chptech_full.pdf","Assume 500 Mwe",500,"NA","By definition, these don't need minimum values",,,,
"CHP-steam-large_syngas.yaml","elec","prod","c","http://www.epa.gov/chp/documents/catalog_chptech_full.pdf",,"TODO","http://www.epa.gov/chp/documents/catalog_chptech_full.pdf","Assume 500 Mwe",500,"NA","By definition, these don't need minimum values",,,,
"CHP-steam-large_wasteGas.yaml","elec","prod","c","http://www.epa.gov/chp/documents/catalog_chptech_full.pdf",,"TODO","http://www.epa.gov/chp/documents/catalog_chptech_full.pdf","Assume 500 Mwe",500,"NA","By definition, these don't need minimum values",,,,
"CHP-steam-small_biogas.yaml","elec","prod","c","http://www.epa.gov/chp/documents/catalog_chptech_full.pdf",,"TODO","http://www.epa.gov/chp/documents/catalog_chptech_full.pdf","0.5 Mwe",0.5,"NA","By definition, these don't need maximum values",,,,
"CHP-steam-small_fuelOil.yaml","elec","prod","c","http://www.epa.gov/chp/documents/catalog_chptech_full.pdf",,"TODO","http://www.epa.gov/chp/documents/catalog_chptech_full.pdf","0.5 Mwe",0.5,"NA","By definition, these don't need maximum values",,,,
"CHP-steam-small_hydrogen.yaml","elec","prod","c","http://www.epa.gov/chp/documents/catalog_chptech_full.pdf",,"TODO","http://www.epa.gov/chp/documents/catalog_chptech_full.pdf","0.5 Mwe",0.5,"NA","By definition, these don't need maximum values",,,,
"CHP-steam-small_lanfillGas.yaml","elec","prod","c","http://www.epa.gov/chp/documents/catalog_chptech_full.pdf",,"TODO","http://www.epa.gov/chp/documents/catalog_chptech_full.pdf","0.5 Mwe",0.5,"NA","By definition, these don't need maximum values",,,,
"CHP-steam-small_liquidFuel.yaml","elec","prod","c","http://www.epa.gov/chp/documents/catalog_chptech_full.pdf",,"TODO","http://www.epa.gov/chp/documents/catalog_chptech_full.pdf","0.5 Mwe",0.5,"NA","By definition, these don't need maximum values",,,,
"CHP-steam-small_LPG.yaml","elec","prod","c","http://www.epa.gov/chp/documents/catalog_chptech_full.pdf",,"TODO","http://www.epa.gov/chp/documents/catalog_chptech_full.pdf","0.5 Mwe",0.5,"NA","By definition, these don't need maximum values",,,,
"CHP-steam-small_methanol.yaml","elec","prod","c","http://www.epa.gov/chp/documents/catalog_chptech_full.pdf",,"TODO","http://www.epa.gov/chp/documents/catalog_chptech_full.pdf","0.5 Mwe",0.5,"NA","By definition, these don't need maximum values",,,,
"CHP-steam-small_natGas.yaml","elec","prod","c","http://www.epa.gov/chp/documents/catalog_chptech_full.pdf",,"TODO","http://www.epa.gov/chp/documents/catalog_chptech_full.pdf","0.5 Mwe",0.5,"NA","By definition, these don't need maximum values",,,,
"CHP-steam-small_propane.yaml","elec","prod","c","http://www.epa.gov/chp/documents/catalog_chptech_full.pdf",,"TODO","http://www.epa.gov/chp/documents/catalog_chptech_full.pdf","0.5 Mwe",0.5,"NA","By definition, these don't need maximum values",,,,
"CHP-steam-small_synGas.yaml","elec","prod","c","http://www.epa.gov/chp/documents/catalog_chptech_full.pdf",,"TODO","http://www.epa.gov/chp/documents/catalog_chptech_full.pdf","0.5 Mwe",0.5,"NA","By definition, these don't need maximum values",,,,
"CHP-steam-small_wasteGAs.yaml","elec","prod","c","http://www.epa.gov/chp/documents/catalog_chptech_full.pdf",,"TODO","http://www.epa.gov/chp/documents/catalog_chptech_full.pdf","0.5 Mwe",0.5,"NA","By definition, these don't need maximum values",,,,
"coalLooping_hydrogen-power.yaml","elec","prod","m","http://oee.osu.edu/successful-200-hour-continuous-operation-of-coal-direct-chemical-looping-combustion-technology.html","Still at Pilot stage","TODO","http://www.sciencedirect.com/science/article/pii/S0360319913028863","300-450 MW",450,300,,,,,
"coal-solar_hybrid.yaml","elec","prod","ml","http://www.gizmag.com/first-solarcoal-hybrid-power-station/15728/","First demonstration project in Colorado (2010)","TODO","http://ac.els-cdn.com/S0038092X10003579/1-s2.0-S0038092X10003579-main.pdf?_tid=1a0b674a-e43b-11e4-81ca-00000aab0f26&acdnat=1429190501_060240121a4d342af3824f25a3c98ac3","116913.7 kW",116.9137,"NA","***",,,,
"cofiring-biomass-coal.yaml","elec","prod","c","http://www.rwe.com/web/cms/en/1754834/rwe-generation-se/about-us/energy-mix/biomass/",,"TODO","http://www.rwe.com/web/cms/en/1754834/rwe-generation-se/about-us/energy-mix/biomass/","Examples include 1245 MW, 1600 MW, 1131 MW",1600,1131,,,,,
"cofiring-coal-biomass_boiler.yaml","elec","prod","c","http://ac.els-cdn.com/S0961953408001797/1-s2.0-S0961953408001797-main.pdf?_tid=25c3ac72-311c-11e5-8dd1-00000aab0f26&acdnat=1437643446_daf999bfd08b78ac4c259d5201502c92","Just discusses the economic feasibility of the technology","TODO","http://www.sciencedirect.com/science/article/pii/S0961953408001797, Fig 2","Assumes a range of about 10-350 MW",350,10,,,,,
"combustion-biomass.yaml","elec","prod","c","https://setis.ec.europa.eu/system/files/4.Efficiencyofheatandelectricityproductiontechnologies.pdf","Summarised in Table 1-2","u","https://setis.ec.europa.eu/system/files/4.Efficiencyofheatandelectricityproductiontechnologies.pdf","Capacity ranges from 8.7-350 Mwe",350,8.7,,,,,
"combustion-coal-bituminous.yaml","elec","prod","c","https://setis.ec.europa.eu/system/files/4.Efficiencyofheatandelectricityproductiontechnologies.pdf",,"TODO","https://setis.ec.europa.eu/system/files/4.Efficiencyofheatandelectricityproductiontechnologies.pdf","Capacity ranges from 8.7-350 Mwe",350,8.7,,,,,
"combustion-coal-combined-cycle.yaml","elec","prod","c","http://en.wikipedia.org/wiki/Combined_cycle",,"TODO","http://en.wikipedia.org/wiki/Combined_cycle","Capacity ranges from 1-6 sets of 400 MW turbine combinations (e.g. 130 MW steam + 270 MW gas)",2400,400,,,,,
"combustion-coal.yaml","elec","prod","c","http://en.wikipedia.org/wiki/Combined_cycle",,"TODO","http://en.wikipedia.org/wiki/Combined_cycle","Capacity ranges from 1-6 sets of 400 MW turbine combinations (e.g. 130 MW steam + 270 MW gas)",2400,400,,,,,
"combustion-sludgeDigested.yaml","elec","prod","c","http://www.casaweb.org/biosolids/regulations/sewage-sludge-incineration",,"TODO","file:///home/tr608/Downloads/OTE_OiA_Sludge_incineration_plant_ERZ_Zurich_Zuric.pdf, http://www.seas.columbia.edu/earth/wtert/sofos/Ellyin_Thesis.pdf","Plant in Zurich, 10000 m3 annually of sludge digested, Assume sludge density of 1400 kg/m3, 137 tons/y at plant in Horsholm.",0.9474,0.00935,,,,,
"combustion-sludgeRaw.yaml","elec","prod","c",,"Assume as above","TODO","file:///home/tr608/Downloads/OTE_OiA_Sludge_incineration_plant_ERZ_Zurich_Zuric.pdf","Plant in Zurich, 10000 m3 annually of sludge digested, Assume sludge density of 1400 kg/m3",0.9474,0.00935,,,,,
"constructed-wetland.yaml","wastewater","waste","c","http://www.extension.umn.edu/environment/water/onsite-sewage-treatment/innovative-sewage-treatment-systems-series/constructed-wetlands/",,"TODO","http://water.epa.gov/infrastructure/septic/upload/wetlands-subsurface_flow.pdf","U.S. systems: largest less than 3.8e3 m3/day; smaller systems from few hundered gallons per day to 40000 gallons per day",43.9,1.75,,,,,
"conventionalAirConditioning.yaml","cooling","prod","c",,,"TODO","http://www.sciencedirect.com/science/article/pii/S0306261900000660","3.517 kW",0.003517,"NA",,,,,
"cookingStove-Uganda-traditional.yaml","heatCooking","prod","c",,,"TODO",,,"CHECK-REFERENCE","NA",,,,,
"cooling-evaporative-cooling.yaml","cooling","prod","c",,,"TODO","http://www.sciencedirect.com/science/article/pii/S0360132301001044, Table 3","3.9 kJ/h",0.00000108,"NA",,,,,
"cooling-evaporative-heating.yaml","cooling","prod","c",,,"TODO","http://www.sciencedirect.com/science/article/pii/S0360132301001044, Table 2","3.82 kW",0.00382,"NA",,,,,
"cooling-thermallyActivated_adsorption-activatedCarbon.yaml","cooling","prod","c","http://www.sciencedirect.com/science/article/pii/S0360128510000493",,"TODO","http://www.sciencedirect.com/science/article/pii/S0360128510000493","<12 kW (Table 7)",0.012,"NA",,,,,
"cooling-thermallyActivated_adsorption-silica.yaml","cooling","prod","c",,,"TODO","http://www.sciencedirect.com/science/article/pii/S0360128510000493","5-1000 kW",1,0.005,,,,,
"cooling-thermallyActivated_H2O-NH3_double.yaml","cooling","prod","c",,,"TODO","http://www.sciencedirect.com/science/article/pii/S0360128510000493","<110 kW",0.11,"NA","Minimum not required",,,,
"cooling-thermallyActivated_H2O-NH3_single-small.yaml","cooling","prod","c",,,"TODO","http://www.sciencedirect.com/science/article/pii/S0360128510000493","10-90 kW",0.09,0.01,,,,,
"cooling-thermallyActivated_H2O-NH3_single.yaml","cooling","prod","c",,,"TODO","http://www.sciencedirect.com/science/article/pii/S0360128510000493","10 Ð 6500 kW",6.5,0.01,,,,,
"cooling-thermallyActivated_LiBr-H20-double.yaml","cooling","prod","c",,,"TODO","http://www.sciencedirect.com/science/article/pii/S0360128510000493","20 Ð 11630 kW",11.63,0.02,,,,,
"cooling-thermallyActivated_LiBr-H20-single.yaml","cooling","prod","c",,,"TODO","http://www.sciencedirect.com/science/article/pii/S0360128510000493","5 Ð 7000 kW",7,0.005,,,,,
"cooling-thermallyActivated_liquidDessicant.yaml","cooling","prod","c",,,"TODO","http://www.sciencedirect.com/science/article/pii/S0360128510000493","50 Ð 500 kW",0.5,0.05,,,,,
"cooling-thermallyActivated_solidDessicant.yaml","cooling","prod","c",,,"TODO","http://www.sciencedirect.com/science/article/pii/S0360128510000493","5 Ð 50 kW",0.05,0.005,,,,,
"desalination-Cu-Cl-combo.yaml","water","prod","ml",,"No evidence of existing plants. Just research papers explaining the principle, e.g. http://www.sciencedirect.com/science/article/pii/S036031990901876X","TODO","https://en.wikipedia.org/wiki/Desalination","Plant sizes vary between 200 m3/day to 800000 m3/day",9259.259,2.3148,,,,,
"desalination-forwardOsmosis.yaml","water","prod","r","http://www.modernwater.com/assets/pdfs/PERTH%20Sept11%20-%20FO%20Desal%20A%20Commercial%20Reality.pdf","Emerging as a commercial reality","TODO","https://en.wikipedia.org/wiki/Desalination","Plant sizes vary between 200 m3/day to 800000 m3/day",9259.259,2.3148,,,,,
"desalination-mechanicalVapourCompression.yaml","water","prod","c",,,"TODO","https://en.wikipedia.org/wiki/Desalination","Plant sizes vary between 200 m3/day to 800000 m3/day",9259.259,2.3148,,,,,
"desalination-multiEffectDistillation.yaml","water","prod","c",,,"TODO","https://en.wikipedia.org/wiki/Desalination","Plant sizes vary between 200 m3/day to 800000 m3/day",9259.259,2.3148,,,,,
"desalination-multiStageFlash.yaml","water","prod","c",,,"TODO","https://en.wikipedia.org/wiki/Desalination","Plant sizes vary between 200 m3/day to 800000 m3/day",9259.259,2.3148,,,,,
"desalination-photovoltaicModules.yaml","water","prod","rc","http://www.sciencedirect.com/science/article/pii/S1364032110001553, http://reneweconomy.com.au/2015/saudis-build-worlds-first-large-scale-solar-powered-desalination-plant-82903","Small rural installations. First large-scale to be commissions in 2017 (Saudi Arabia)","TODO","http://www.sciencedirect.com/science/article/pii/S1364032110001553","1-5 m3/d, First large-scale will produce 60000 m3 per day",694.4,"NA","***",,,,
"desalination-reverseOsmosis-PV.yaml","water","prod","ml","http://www.sciencedirect.com/science/article/pii/S0960148111002540","Pilot plant","TODO",,"Between 9.3 L/h to 53 L/h",0.01472,0.002583,,,,,
"desalination-reverseOsmosis.yaml","water","prod","c",,,"TODO","https://en.wikipedia.org/wiki/Desalination","Plant sizes vary between 200 m3/day to 800000 m3/day",9259.259,2.3148,,,,,
"desalination-solarPond.yaml","water","prod","c","http://www.sciencedirect.com/science/article/pii/S1364032110001553",,"TODO",,"Facilities range from 2.3 m3/day to 3000 m3/day",34.72,0.0266,,,,,
"desalination-wind.yaml","water","prod","r","http://www.sciencedirect.com/science/article/pii/S1364032110001553","Two existing plants","TODO",,"0.3-2 m3/h, and 2-15 m3/h",4.167,0.083,,,,,
"digestion_farmResidues_biodiesel.yaml","biodiesel","prod","c","http://www.sciencedirect.com/science/article/pii/S0960852411008327",,"TODO",,"Process about 10000-20000 t wastewater per year",0.634,0.317,,,,,
"distributed-engine-cogen.yaml","elec","prod","c","http://ac.els-cdn.com/S0301421504001715/1-s2.0-S0301421504001715-main.pdf?_tid=a7d4b58e-e99c-11e4-a857-00000aab0f01&acdnat=1429782156_3e08c80ab98112113d7145ecb8c45538","India","TODO",,"Assume 1 Ð 3 MW capacity",3,1,,,,,
"distributed-engine.yaml","elec","prod","c","http://ac.els-cdn.com/S0301421504001715/1-s2.0-S0301421504001715-main.pdf?_tid=a7d4b58e-e99c-11e4-a857-00000aab0f01&acdnat=1429782156_3e08c80ab98112113d7145ecb8c45539","India","TODO",,"Assume 1 Ð 3 MW capacity",3,1,,,,,
"distributed-fuelCells-cogen.yaml","elec","prod","cm","http://ac.els-cdn.com/S1364032109002561/1-s2.0-S1364032109002561-main.pdf?_tid=b2eba922-e99d-11e4-9261-00000aab0f26&acdnat=1429782604_d1f12ba07b3a6f97548260fa2b72c9c3","Different types and different stages of commercial availability","TODO",,"50 kW Ð to 3 MW of Òelectric and heat generationÓ",3,0.05,,,,,
"distributed-fuelCells-elec.yaml","elec","prod","cm","http://ac.els-cdn.com/S1364032109002561/1-s2.0-S1364032109002561-main.pdf?_tid=b2eba922-e99d-11e4-9261-00000aab0f26&acdnat=1429782604_d1f12ba07b3a6f97548260fa2b72c9c4","Different types and different stages of commercial availability","TODO",,"50 kW Ð to 3 MW of Òelectric and heat generationÓ",3,0.05,,,,,
"distributed-gas-turbine-micro-cogen.yaml","elec","prod","c","http://ac.els-cdn.com/S1364032109002561/1-s2.0-S1364032109002561-main.pdf?_tid=b2eba922-e99d-11e4-9261-00000aab0f26&acdnat=1429782604_d1f12ba07b3a6f97548260fa2b72c9c4",,"TODO",,"30-400 kW",0.4,0.03,,,,,
"distributed-gas-turbine-micro.yaml","elec","prod","c","http://ac.els-cdn.com/S1364032109002561/1-s2.0-S1364032109002561-main.pdf?_tid=b2eba922-e99d-11e4-9261-00000aab0f26&acdnat=1429782604_d1f12ba07b3a6f97548260fa2b72c9c5",,"TODO",,"30-400 kW",0.4,0.03,,,,,
"distributed-solar.yaml","elec","prod","c","http://ac.els-cdn.com/S1364032109002561/1-s2.0-S1364032109002561-main.pdf?_tid=b2eba922-e99d-11e4-9261-00000aab0f26&acdnat=1429782604_d1f12ba07b3a6f97548260fa2b72c9c6",,"TODO",,"Assume 1 Ð 3 MW capacity",3,1,,,,,
"distributed-wind.yaml","elec","prod","c","http://ac.els-cdn.com/S1364032109002561/1-s2.0-S1364032109002561-main.pdf?_tid=b2eba922-e99d-11e4-9261-00000aab0f26&acdnat=1429782604_d1f12ba07b3a6f97548260fa2b72c9c7",,"TODO",,"1 kW Ð 6 kW for home use, 5 MW for conventional units",0.006,0.001,,,,,
"district-cogen-absorptionChiller.yaml","cooling","prod","c","http://www.sciencedirect.com/science/article/pii/S1359431104001243",,"TODO","http://www.sciencedirect.com/science/article/pii/S1359431104001243","100 MW (thermal load, for cooling)",100,"NA",,,,,
"district-cogen-heating.yaml","heat","prod","c","http://www.sciencedirect.com/science/article/pii/S1359431104001243",,"TODO","http://www.sciencedirect.com/science/article/pii/S1359431104001243","230 MW (thermal load, for heating)",230,"NA",,,,,
"fossilHydrogen_intrinsicCO2capture-gasReforming.yaml","hydrogen","prod","c","http://energy.gov/eere/fuelcells/hydrogen-production-natural-gas-reforming","This is the method for 95% of the US's hydrogen production, making it an 'important technology pathwat for near-term hydrogen production.'","TODO","http://www1.eere.energy.gov/hydrogenandfuelcells/pdfs/27637.pdf","1.5 million m3/day",1.56,"NA",,,,,
"fuelCell_ethanol.yaml","elec","prod","ml","http://www.sciencedirect.com/science/article/pii/S030626191500094X","Very early stage of development. A few prototypes.","TODO","http://www.sciencedirect.com/science/article/pii/S030626191500094X","3-250 W (portable), Amercian ammunition plant testing 10 kW prototype, stationary 15 kW, Winde distillery of 5 kW",0.015,0.000003,,,,,
"fuelCell_leachate.yaml","elec","prod","ml","http://download.springer.com/static/pdf/788/art%253A10.1007%252Fs12010-014-0854-x.pdf?originUrl=http%3A%2F%2Flink.springer.com%2Farticle%2F10.1007%2Fs12010-014-0854-x&token2=exp=1438078456~acl=%2Fstatic%2Fpdf%2F788%2Fart%25253A10.1007%25252Fs12010-014-0854-x.pdf%3ForiginUrl%3Dhttp%253A%252F%252Flink.springer.com%252Farticle%252F10.1007%252Fs12010-014-0854-x*~hmac=c831ca71d3351e434743b5d5cb15ff6605d8d1e564b0cb076bd7ceaf4194f44e","Still in R&D stage, with questions about scaling-up.","TODO","Assume as for fuelCell_ethanol, http://www.sciencedirect.com/science/article/pii/S030626191500094X","3-250 W (portable), Amercian ammunition plant testing 10 kW prototype, stationary 15 kW, Winde distillery of 5 kW",0.015,0.000003,,,,,
"fuelCell_sludge_energy.yaml","elec","prod","ml","http://www.mmsd.com/-/media/MMSD/Documents/Water%20Quality/Reports/Using_Microbial_Fuel_Cells_513.pdf","Technology needs testing Òat a transitional scale of 200-500 L, which will act as a bridge between fundamental research and future developmentÓ.","TODO","Assume as for fuelCell_ethanol, http://www.sciencedirect.com/science/article/pii/S030626191500094X","3-250 W (portable), Amercian ammunition plant testing 10 kW prototype, stationary 15 kW, Winde distillery of 5 kW",0.015,0.000003,,,,,
"gasification-biomass-methane.yaml","methane","prod","m","http://ac.els-cdn.com/S136403211300614X/1-s2.0-S136403211300614X-main.pdf?_tid=a7b4bb14-3512-11e5-90f6-00000aab0f26&acdnat=1438079174_957ae7400820bbc7accfea07bccbbd81, https://www.ashden.org/biomass-gasification","Barriers to gasification, but small-scale systems in India and China","TODO","http://www.sciencedirect.com/science/article/pii/S036031990901355X","0.475 kg/h",0.0001319,"NA","Already defines small-scale systems",,,,
"gasification-biomass-methanol-backPressure.yaml","methanol","prod","m","http://ac.els-cdn.com/S136403211300614X/1-s2.0-S136403211300614X-main.pdf?_tid=a7b4bb14-3512-11e5-90f6-00000aab0f26&acdnat=1438079174_957ae7400820bbc7accfea07bccbbd81, https://www.ashden.org/biomass-gasification","Barriers to gasification, but small-scale systems in India and China","TODO","http://www.sciencedirect.com/science/article/pii/S0360544212005397","Biomass inputs between 20-1350 MW",34.95,0.52,,,,,
"gasification-biomass-methanol-condensingTurbine-heatPump-twoSteamLevels.yaml","methanol","prod","m","http://ac.els-cdn.com/S136403211300614X/1-s2.0-S136403211300614X-main.pdf?_tid=a7b4bb14-3512-11e5-90f6-00000aab0f26&acdnat=1438079174_957ae7400820bbc7accfea07bccbbd81, https://www.ashden.org/biomass-gasification","Barriers to gasification, but small-scale systems in India and China","TODO","http://www.sciencedirect.com/science/article/pii/S0360544212005397","Biomass inputs between 20-1350 MW",34.95,0.52,,,,,
"gasification-biomass-methanol-condensingTurbine-noDrying-adjusted.yaml","methanol","prod","m","http://ac.els-cdn.com/S136403211300614X/1-s2.0-S136403211300614X-main.pdf?_tid=a7b4bb14-3512-11e5-90f6-00000aab0f26&acdnat=1438079174_957ae7400820bbc7accfea07bccbbd81, https://www.ashden.org/biomass-gasification","Barriers to gasification, but small-scale systems in India and China","TODO","http://www.sciencedirect.com/science/article/pii/S0360544212005397","Biomass inputs between 20-1350 MW",30.17,0.447,,,,,
"gasification-biomass-methanol-condensingTurbine-noDrying.yaml","methanol","prod","m","http://ac.els-cdn.com/S136403211300614X/1-s2.0-S136403211300614X-main.pdf?_tid=a7b4bb14-3512-11e5-90f6-00000aab0f26&acdnat=1438079174_957ae7400820bbc7accfea07bccbbd81, https://www.ashden.org/biomass-gasification","Barriers to gasification, but small-scale systems in India and China","TODO","http://www.sciencedirect.com/science/article/pii/S0360544212005397","Biomass inputs between 20-1350 MW",30.17,0.447,,,,,
"gasification-coal-biomass_elec-hydrogen.yaml","elec","prod","m","http://dc.engconfintl.org/cgi/viewcontent.cgi?article=1071&context=cfb10, http://www.hindawi.com/journals/ijfr/2012/363058/, http://eccc.uno.edu/pdf/Long-Wang-GT2011-45512.pdf","Testing in 8 MW system in Austria, otherwise only lab and small-scale testing or simulations.","TODO",,"304.87 MW",304.87,"NA","***",,,,
"gasification-coal-biomass_elec.yaml","elec","prod","m","http://dc.engconfintl.org/cgi/viewcontent.cgi?article=1071&context=cfb10, http://www.hindawi.com/journals/ijfr/2012/363058/, http://eccc.uno.edu/pdf/Long-Wang-GT2011-45512.pdf","Testing in 8 MW system in Austria, otherwise only lab and small-scale testing or simulations.","TODO",,"422.59 MW",422.59,"NA","***",,,,
"gasification_coal_elec-hydrogen-noSupplementaryFiring.yaml","elec","prod","m","http://www.sciencedirect.com/science/article/pii/S0360319910009183","Novel methodology","TODO","http://www.sciencedirect.com/science/article/pii/S0360319910009183","Net power: 2.7 MW",2.7,"NA","***",,,,
"gasification_coal_elec-hydrogen-supplementaryFiring.yaml","elec","prod","m","http://www.sciencedirect.com/science/article/pii/S0360319910009183","Novel methodology","TODO","http://www.sciencedirect.com/science/article/pii/S0360319910009183","Net power: 3.8 MW",3.8,"NA","***",,,,
"gasification-coal_elec.yaml","elec","prod","m","http://www.sciencedirect.com/science/article/pii/S0360319911028667","Simulated investigation","TODO","http://www.sciencedirect.com/science/article/pii/S0360319911028667","400-500 MW",500,400,,,,,
"gasification-coal-MSW_elec.yaml","elec","prod","m","http://www.sciencedirect.com/science/article/pii/S0000000000000001","Simulated investigation","TODO","http://www.sciencedirect.com/science/article/pii/S0000000000000001","400-500 MW",500,400,,,,,
"gasification-coal-sewageSludge_elec.yaml","elec","prod","m","http://www.sciencedirect.com/science/article/pii/S0000000000000002","Simulated investigation","TODO","http://www.sciencedirect.com/science/article/pii/S0000000000000002","400-500 MW",500,400,,,,,
"gasification-coal-syngas.yaml","elec","prod","m","http://www.sciencedirect.com/science/article/pii/S0360544212002162","Investigating the gasifiers not yet commercially available, which can be used in conjunction with CCS","TODO","http://www.sciencedirect.com/science/article/pii/S0360544212002162","400-450 MW of net electricity",500,400,,,,,
"gasification-MSW-power.yaml","elec","prod","c","http://www.sciencedirect.com/science/article/pii/S0956053X11004788","Investigating commercial plants (lots in Japan)","TODO","http://www.sciencedirect.com/science/article/pii/S0956053X11004788","50 MW, 80 MW (Plant A and Plant B)",80,50,,,,,
"gasification-sewageSludge_hyrdogen.yaml","elec","prod","c","http://www.netl.doe.gov/research/coal/energy-systems/gasification/gasifipedia/westinghouse","Some existing plants (i.e. Japan)","TODO","http://www.netl.doe.gov/research/coal/energy-systems/gasification/gasifipedia/westinghouse","Tons per day of MSW in existing plants: 24, 170, 300",7.7,0.62,,,,,
"gasification-sewageSludge.yaml","elec","prod","c","http://ac.els-cdn.com/S0196890408000502/1-s2.0-S0196890408000502-main.pdf?_tid=9d99a024-e745-11e4-b8a4-00000aacb35d&acdnat=1429524871_4bf9a9d88fede665c8aa127a7c1245da","Case study on Athens WWTP","TODO","http://ac.els-cdn.com/S0196890408000502/1-s2.0-S0196890408000502-main.pdf?_tid=9d99a024-e745-11e4-b8a4-00000aacb35d&acdnat=1429524871_4bf9a9d88fede665c8aa127a7c1245da","2.85 MW power production (250 ton/day of sewage), assume minimum value is that for gasification-sewateSludge_hydrogen.yaml",2.85,0.62,,,,,
"gasification-syngas-elec.yaml","elec","prod","m","http://ac.els-cdn.com/S0360544212002162/1-s2.0-S0360544212002162-main.pdf?_tid=463512d4-d181-11e4-8621-00000aacb362&acdnat=1427131568_5073a443c24f9418e62c68dc26901d99",,"TODO","http://ac.els-cdn.com/S0360544212002162/1-s2.0-S0360544212002162-main.pdf?_tid=463512d4-d181-11e4-8621-00000aacb362&acdnat=1427131568_5073a443c24f9418e62c68dc26901d99","400-450 MW of net electricity",450,400,,,,,
"gasification-waste-high-temp_steam.yaml","elec","prod","c","https://www.netl.doe.gov/File%20Library/Research/Coal/energy%20systems/gasification/gasifipedia/5-ASADAL_BOARD_bbs02.pdf","List of commercial plants","TODO",,"12.02 MW, small-scale 40 kW (file:///home/tr608/Downloads/JDW2E_NSRDEC_Backup-StateOfTheArt_v20130909.pdf)",12.02,0.04,,,,,
"gasification-waste-high-temp.yaml","elec","prod","c","https://www.netl.doe.gov/File%20Library/Research/Coal/energy%20systems/gasification/gasifipedia/5-ASADAL_BOARD_bbs02.pdf","List of commercial plants","TODO",,"8.62 MW",8.62,0.04,,,,,
"gasification-waste-plasma.yaml","elec","prod","c","https://www.netl.doe.gov/File%20Library/Research/Coal/energy%20systems/gasification/gasifipedia/5-ASADAL_BOARD_bbs02.pdf","List of commercial plants","TODO",,"10.13 MW, smaller-scale calculated from 150 tpd (http://www.nytimes.com/2012/09/11/science/plasma-gasification-raises-hopes-of-clean-energy-from-garbage.html)",10.13,7.92,,,,,
"groundwater-pumping.yaml","groundWaterPumped","prod","c",,,"TODO","DEFINE ACCORDING TO LOCAL CONSTRAINTS?","DEFINE ACCORDING TO LOCAL CONSTRAINTS?","DEFINE-ACCORDING-TO-LOCAL-CONSTRAINTS","NA",,,,,
"heatingPlant-pyrolysis_biomass-oil.yaml","heat","prod","c","http://www.pyne.co.uk/Resources/user/Biomass%20pyrolysis%20-%20a%20guide%20to%20UK%20capabilities%20May%202011v2.pdf","List of existing commercial (and test) plants","TODO",,"62 MW, small-scale calculated from 200 kg/hour (http://www.trmiles.com/Presentations/Gasification%20Pyrolysis/Miles_Gas_Pyro_02_09_10.pdf)",62,"NA",0.22,,,,
"heatPump-ASHP-highEff-radOrDWH.yaml","heat","prod","c",,,"TODO","http://www.districtenergy.org/blog/2013/07/08/norway-starts-world%E2%80%99s-largest-heat-pump-district-heating-plant/, http://www.acdirect.com/knowledge-base/heat-pump/info-sizing-heat-pumps-supplemental-heating","Largest heat pump plant (Norway) provides 13 MW for a district heating network, Typically domestic units are between 5-20 kW (depending on the climate)",13,0.005,0.02,,,,
"heatPump-ASHP-highEff-screedFloor.yaml","heat","prod","c",,,"TODO","http://www.districtenergy.org/blog/2013/07/08/norway-starts-world%E2%80%99s-largest-heat-pump-district-heating-plant/, http://www.acdirect.com/knowledge-base/heat-pump/info-sizing-heat-pumps-supplemental-heating","Largest heat pump plant (Norway) provides 13 MW for a district heating network, Typically domestic units are between 5-20 kW (depending on the climate)",13,0.005,0.02,,,,
"heatPump-ASHP-highEff-timberFloor.yaml","heat","prod","c",,,"TODO","http://www.districtenergy.org/blog/2013/07/08/norway-starts-world%E2%80%99s-largest-heat-pump-district-heating-plant/, http://www.acdirect.com/knowledge-base/heat-pump/info-sizing-heat-pumps-supplemental-heating","Largest heat pump plant (Norway) provides 13 MW for a district heating network, Typically domestic units are between 5-20 kW (depending on the climate)",13,0.005,0.02,,,,
"heatPump-ASHP-screedFloor.yaml","heat","prod","c",,,"TODO","http://www.districtenergy.org/blog/2013/07/08/norway-starts-world%E2%80%99s-largest-heat-pump-district-heating-plant/, http://www.acdirect.com/knowledge-base/heat-pump/info-sizing-heat-pumps-supplemental-heating","Largest heat pump plant (Norway) provides 13 MW for a district heating network, Typically domestic units are between 5-20 kW (depending on the climate)",13,0.005,0.02,,,,
"heatPump-ASHP-twoStage-screedFloor.yaml","heat","prod","c",,,"TODO","http://www.districtenergy.org/blog/2013/07/08/norway-starts-world%E2%80%99s-largest-heat-pump-district-heating-plant/, http://www.acdirect.com/knowledge-base/heat-pump/info-sizing-heat-pumps-supplemental-heating","Largest heat pump plant (Norway) provides 13 MW for a district heating network, Typically domestic units are between 5-20 kW (depending on the climate)",13,0.005,0.02,,,,
"heatPump-ASHP-twoStage-timberFloor.yaml","heat","prod","c",,,"TODO","http://www.districtenergy.org/blog/2013/07/08/norway-starts-world%E2%80%99s-largest-heat-pump-district-heating-plant/, http://www.acdirect.com/knowledge-base/heat-pump/info-sizing-heat-pumps-supplemental-heating","Largest heat pump plant (Norway) provides 13 MW for a district heating network, Typically domestic units are between 5-20 kW (depending on the climate)",13,0.005,0.02,,,,
"heatPump-groundCoupled-heating.yaml","heat","prod","c",,,"TODO","http://www.districtenergy.org/blog/2013/07/08/norway-starts-world%E2%80%99s-largest-heat-pump-district-heating-plant/, http://www.acdirect.com/knowledge-base/heat-pump/info-sizing-heat-pumps-supplemental-heating","Largest heat pump plant (Norway) provides 13 MW for a district heating network, Typically domestic units are between 5-20 kW (depending on the climate)",13,0.005,0.02,,,,
"heatPump-GSHP-floorScreed.yaml","heat","prod","c",,,"TODO","http://www.districtenergy.org/blog/2013/07/08/norway-starts-world%E2%80%99s-largest-heat-pump-district-heating-plant/, http://www.acdirect.com/knowledge-base/heat-pump/info-sizing-heat-pumps-supplemental-heating","Largest heat pump plant (Norway) provides 13 MW for a district heating network, Typically domestic units are between 5-20 kW (depending on the climate)",13,0.005,0.02,,,,
"heatPump-GSHP-ground-radAndDHW.yaml","heat","prod","c",,,"TODO","http://www.districtenergy.org/blog/2013/07/08/norway-starts-world%E2%80%99s-largest-heat-pump-district-heating-plant/, http://www.acdirect.com/knowledge-base/heat-pump/info-sizing-heat-pumps-supplemental-heating","Largest heat pump plant (Norway) provides 13 MW for a district heating network, Typically domestic units are between 5-20 kW (depending on the climate)",13,0.005,0.02,,,,
"heatPump-GSHP-ground-radOrDHW.yaml","heat","prod","c",,,"TODO","http://www.districtenergy.org/blog/2013/07/08/norway-starts-world%E2%80%99s-largest-heat-pump-district-heating-plant/, http://www.acdirect.com/knowledge-base/heat-pump/info-sizing-heat-pumps-supplemental-heating","Largest heat pump plant (Norway) provides 13 MW for a district heating network, Typically domestic units are between 5-20 kW (depending on the climate)",13,0.005,0.02,,,,
"heatPump-GSHP-ground-screedFloor.yaml","heat","prod","c",,,"TODO","http://www.districtenergy.org/blog/2013/07/08/norway-starts-world%E2%80%99s-largest-heat-pump-district-heating-plant/, http://www.acdirect.com/knowledge-base/heat-pump/info-sizing-heat-pumps-supplemental-heating","Largest heat pump plant (Norway) provides 13 MW for a district heating network, Typically domestic units are between 5-20 kW (depending on the climate)",13,0.005,0.02,,,,
"heatPump-GSHP-ground-timberFloor.yaml","heat","prod","c",,,"TODO","http://www.districtenergy.org/blog/2013/07/08/norway-starts-world%E2%80%99s-largest-heat-pump-district-heating-plant/, http://www.acdirect.com/knowledge-base/heat-pump/info-sizing-heat-pumps-supplemental-heating","Largest heat pump plant (Norway) provides 13 MW for a district heating network, Typically domestic units are between 5-20 kW (depending on the climate)",13,0.005,0.02,,,,
"heatPump-GSHP-radOrDHW.yaml","heat","prod","c",,,"TODO","http://www.districtenergy.org/blog/2013/07/08/norway-starts-world%E2%80%99s-largest-heat-pump-district-heating-plant/, http://www.acdirect.com/knowledge-base/heat-pump/info-sizing-heat-pumps-supplemental-heating","Largest heat pump plant (Norway) provides 13 MW for a district heating network, Typically domestic units are between 5-20 kW (depending on the climate)",13,0.005,0.02,,,,
"heatPump-GSHP-timberFloor.yaml","heat","prod","c",,,"TODO","http://www.districtenergy.org/blog/2013/07/08/norway-starts-world%E2%80%99s-largest-heat-pump-district-heating-plant/, http://www.acdirect.com/knowledge-base/heat-pump/info-sizing-heat-pumps-supplemental-heating","Largest heat pump plant (Norway) provides 13 MW for a district heating network, Typically domestic units are between 5-20 kW (depending on the climate)",13,0.005,0.02,,,,
"heatPump-sewage-cooling.yaml","heat","prod","c","http://www.treehugger.com/clean-technology/geothermal-system-taps-sewage-instead-bedrock.html","Systems in China","TODO","http://www.districtenergy.org/blog/2013/07/08/norway-starts-world%E2%80%99s-largest-heat-pump-district-heating-plant/, http://www.acdirect.com/knowledge-base/heat-pump/info-sizing-heat-pumps-supplemental-heating","Largest heat pump plant (Norway) provides 13 MW for a district heating network, Typically domestic units are between 5-20 kW (depending on the climate)",13,0.005,0.02,,,,
"heatPump-sewage-heating.yaml","heat","prod","c","http://www.treehugger.com/clean-technology/geothermal-system-taps-sewage-instead-bedrock.html","Systems in China","TODO","http://www.districtenergy.org/blog/2013/07/08/norway-starts-world%E2%80%99s-largest-heat-pump-district-heating-plant/, http://www.acdirect.com/knowledge-base/heat-pump/info-sizing-heat-pumps-supplemental-heating","Largest heat pump plant (Norway) provides 13 MW for a district heating network, Typically domestic units are between 5-20 kW (depending on the climate)",13,0.005,0.02,,,,
"heatPump-solarAssisted-cooling.yaml","heat","prod","c","http://www.solargeothermalheatpump.com/","Commercial systems for sale","TODO","http://www.sciencedirect.com/science/article/pii/S0378778811001812,","System with for building with 10 kW demand",0.01,"NA","Already defines small-scale systems",,,,
"heatPump-solarAssisted-heating.yaml","heat","prod","c","http://www.solargeothermalheatpump.com/","Commercial systems for sale","TODO","http://www.sciencedirect.com/science/article/pii/S0378778811001812,","System with for building with 10 kW demand",0.01,"NA","Already defines small-scale systems",,,,
"heatPump-transcriticalCO2-radAndDHW.yaml","heat","prod","c",,,"TODO","http://www.districtenergy.org/blog/2013/07/08/norway-starts-world%E2%80%99s-largest-heat-pump-district-heating-plant/, http://www.acdirect.com/knowledge-base/heat-pump/info-sizing-heat-pumps-supplemental-heating","Largest heat pump plant (Norway) provides 13 MW for a district heating network, Typically domestic units are between 5-20 kW (depending on the climate)",13,0.005,0.02,,,,
"heatPump-transcriticalCO2-radOrDHW.yaml","heat","prod","c",,,"TODO","http://www.districtenergy.org/blog/2013/07/08/norway-starts-world%E2%80%99s-largest-heat-pump-district-heating-plant/, http://www.acdirect.com/knowledge-base/heat-pump/info-sizing-heat-pumps-supplemental-heating","Largest heat pump plant (Norway) provides 13 MW for a district heating network, Typically domestic units are between 5-20 kW (depending on the climate)",13,0.005,0.02,,,,
"heatPump-transcriticalCO2-screedFloor.yaml","heat","prod","c",,,"TODO","http://www.districtenergy.org/blog/2013/07/08/norway-starts-world%E2%80%99s-largest-heat-pump-district-heating-plant/, http://www.acdirect.com/knowledge-base/heat-pump/info-sizing-heat-pumps-supplemental-heating","Largest heat pump plant (Norway) provides 13 MW for a district heating network, Typically domestic units are between 5-20 kW (depending on the climate)",13,0.005,0.02,,,,
"landfill-CO2toAtmosphere.yaml","waste","waste","c",,,"TODO",,"DEPENDS ON SIZE OF LANDFILL SITE","DEPENDS-ON-SIZE-OF-LANDFILL-SITE","NA",,,,,
"leachateTreatment_anaerobicMembraneBioreactor.yaml","leachate","waste","r","http://dynatecsystems.com/documents/Landfill%20Leachate%20-%20PA(1).pdf","A few examples of industrial applications","TODO","http://www.scirp.org/journal/PaperInformation.aspx?paperID=42423","Current commercial models of AnMBRs produce 800 m3/day ",9.26,"NA","***",,,,
"leachateTreatment_combinedBiologicalSolarPhotoFenton.yaml","leachate","waste","m","http://www.sciencedirect.com/science/article/pii/S1385894711006796","Examining several options to be Òtheoretically possible to be considered for reaching the two target COD limitsÓ","TODO","Assume the same as commercial models of AnMBRs","Current commercial models of AnMBRs produce 800 m3/day ",9.26,"NA","***",,,,
"leachateTreatment-electrodialysis.yaml","leachate","waste","r","http://www.kakoki.co.jp/english/products/e-007/index.html","Some examples of plants","TODO","http://www.sciencedirect.com/science/article/pii/0011916494851840","Electrodialysis plant for desalination is 1200 m3/day",13.89,"NA","***",,,,
"looping_hydrogen-power_moreCO2removal.yaml","elec","prod","m","http://www.sciencedirect.com/science/article/pii/S0360319912004624","Simulation","TODO","http://www.sciencedirect.com/science/article/pii/S0360319912004624","3.78 MW",3.78,"NA","***",,,,
"looping_hydrogen-power.yaml","elec","prod","m","http://www.sciencedirect.com/science/article/pii/S0360319912004624","Simulation","TODO","http://www.sciencedirect.com/science/article/pii/S0360319912004624","7.36 MW",7.36,"NA","***",,,,
"microalgae-biodiesel.yaml","biodiesel","prod","ml","http://pubs.acs.org/doi/pdf/10.1021/ie403273b","Simulations (showing the economic viability of the process)","TODO","http://www.cmclinnovations.com/wp-content/uploads/2014/01/The-future-viability-of-algae-derived-biodiesel-under-economic-and-technical-uncertainties.pdf","Paper applies sensitivity analysis betwee 1000 to 100000 tonnes/year of biodiesel",3.17,0.00317,,,,,
"microalgae-biofuels_wetExtraction.yaml","biodiesel","prod","r","http://biomassmagazine.com/articles/8307/propel-solazyme-make-algae-biofuel-available-to-the-public","Some commercial examples","TODO","http://www.cmclinnovations.com/wp-content/uploads/2014/01/The-future-viability-of-algae-derived-biodiesel-under-economic-and-technical-uncertainties.pdf","Plants in US range from 0.01 to 180 Mmgy",21,0.0012,,,,,
"microCHP-methane.yaml","elec","prod","c","http://www.sciencedirect.com/science/article/pii/S037877881200196X","Paper analysis a Òtypical caseÓ","TODO","http://www.sciencedirect.com/science/article/pii/S037877881200196X","1 kW",0.001,"NA","Already 'micro'",,,,
"mixedRawSludge_biogas.yaml","biogas","prod","c","http://www.sciencedirect.com/science/article/pii/S1359431108001968","Real data","TODO","http://www.sciencedirect.com/science/article/pii/S1359431108001968","111 t/d",1.284,0.0116,,,,,
"nuclear-directUseSpentFuel.yaml","elec","prod","c",,,"TODO","https://en.wikipedia.org/wiki/List_of_small_nuclear_reactor_designs. https://en.wikipedia.org/wiki/List_of_nuclear_power_stations","Small range from 0.068-350 MW. Large range from 350-7900 MW",7900,0.068,,,,,
"nuclear-fastReactorRecycling-pyroprocess.yaml","elec","prod","c",,,"TODO","https://en.wikipedia.org/wiki/List_of_small_nuclear_reactor_designs. https://en.wikipedia.org/wiki/List_of_nuclear_power_stations","Small range from 0.068-350 MW. Large range from 350-7900 MW",7900,0.068,,,,,
"nuclear-onceThrough.yaml","elec","prod","c",,,"TODO","https://en.wikipedia.org/wiki/List_of_small_nuclear_reactor_designs. https://en.wikipedia.org/wiki/List_of_nuclear_power_stations","Small range from 0.068-350 MW. Large range from 350-7900 MW",7900,0.068,,,,,
"nuclear-thermalReactorRecycling.yaml","elec","prod","c",,,"TODO","https://en.wikipedia.org/wiki/List_of_small_nuclear_reactor_designs. https://en.wikipedia.org/wiki/List_of_nuclear_power_stations","Small range from 0.068-350 MW. Large range from 350-7900 MW",7900,0.068,,,,,
"powerplant-biomass.yaml","elec","prod","c",,,"TODO","http://www.power-technology.com/features/featurepower-from-waste---the-worlds-biggest-biomass-power-plants-4205990/. http://biomassmagazine.com/plants/listplants/biomass/US/","Largest plant is 740 MW. Other big plants are about 125-140 MW. Other plants are 0.04-128.9 MW",740,0.04,,,,,
"powerplant-coal.yaml","elec","prod","c",,,"TODO","https://en.wikipedia.org/wiki/List_of_coal_power_stations. http://www.eia.doe.gov/electricity/","Largest plant is 5400 MW. Other plants in the range 0-10, 10-20, 20-50, 100-250, 250-500 etc.",5400,10,,,,,
"powerplant-cofiring-biomass-coal-fluidisedBed.yaml","elec","prod","c",,,"TODO","https://en.wikipedia.org/wiki/List_of_largest_power_stations_in_the_world#Biomass","Largest cofiring is Drax, 1100 MW (with 80% coal). Assume others in range above.",1100,10,,,,,
"powerplant-cofiring-biomass-coal-pulverisedCoal.yaml","elec","prod","c",,,"TODO",,"https://en.wikipedia.org/wiki/List_of_largest_power_stations_in_the_world#Biomass","CHECK-REFERENCE","NA",,,,,
"powerplant_hydrogenLooping.yaml","elec","prod","r","https://en.wikipedia.org/wiki/Fusina_hydrogen_power_station","First plant, operational in 2009","TODO","https://en.wikipedia.org/wiki/Fusina_hydrogen_power_station","12 MW",12,10,,,,,
"review-biomass-methanogenic-digestions.yaml","methane","prod","r","http://ac.els-cdhttp://www.asiabiomass.jp/english/topics/0910_03.htmln.com/S0960852412016756/1-s2.0-S0960852412016756-main.pdf?_tid=53aa7c7e-36a8-11e5-a7eb-00000aacb360&acdnat=1438253409_dbb855f2cd094cb571476eb0a0084791, small scale:  http://www.sciencedirect.com/science/article/pii/S0960852414013625","Pilot plants. Commercial promise.","TODO","http://www.asiabiomass.jp/english/topics/0910_03.html","Japan: 10.5 ton/day, 50 ton/day, 110 ton/day",1.27,0.122,,,,,
"review-biomass-MFC-butanol.yaml","elec","prod","m","http://www.sciencedirect.com/science/article/pii/S1002007114000860","Not yet cost efficient for commercial implementation","TODO","Assume as for methane","Japan: 10.5 ton/day, 50 ton/day, 110 ton/day",1.27,0.122,,,,,
"review-butanol-fermentation.yaml","butanol","prod","r","http://biofuel.org.uk/third-generation-biofuels.html","Òseveral commercial-scale facilities have been developed and are on the brink of making butanol and [sic] more popular biofuel than ethanolÓ","TODO","http://www.ecn.nl/docs/library/report/2009/l09117.pdf, http://www.greencarcongress.com/2005/07/boosting_biomas.html","Plant design of 100000 ton/year. Future could have plants of 5 Ð 30 million gallons/year",3.56,0.5996,3.17,,,,
"review-ethanol-fermentation.yaml","ethanol","prod","m","http://www.biofuelstp.eu/algae-aquatic-biomass.html","Still at the R&D stage (e.g. Algenol Biofuels, India)","TODO","Assume as for methane","Japan: 10.5 ton/day, 50 ton/day, 110 ton/day.",1.27,0.122,,,,,
"review-hydrogen-fermentation.yaml","hydrogen","prod","ml","http://www.algaeindustrymagazine.com/developing-efficient-hydrogen-production-algae/","No commercial examples found. Not yet economically competative","TODO","http://www.ecn.nl/docs/library/report/2009/l09117.pdf, http://www.greencarcongress.com/2005/07/boosting_biomas.htmlAssume same as ethanol fermentation","Plant design of 100000 ton/year. Future could have plants of 5 Ð 30 million gallons/year",3.56,0.5996,3.17,,,,
"SAF-MBR_wastewater.yaml","wastewater","waste","c","http://www.sciencedirect.com/science/article/pii/S0960852412009327","Commercial systems exist","TODO","http://enr.construction.com/infrastructure/water_dams/2012/extras/0328/slideshow.asp?slide=2","Largest plant is 1.44 billion gallons per day, Micro-plants of 150 L/day",63083.33,0.00657,,,,,
"sludge-biodiesel.yaml","biodiesel","prod","m","http://pubs.acs.org/stoken/presspac/presspac/full/10.1021/ef1001106","No commercial examples found. Still barriers for commercial viability.","TODO","http://www.cmclinnovations.com/wp-content/uploads/2014/01/The-future-viability-of-algae-derived-biodiesel-under-economic-and-technical-uncertainties.pdf, http://www.susana.org/en/resources/library/details/1808","Paper applies sensitivity analysis betwee 1000 to 100000 tonnes/year of biodiesel, proposed pilot plant of 10000 L of sludge per day",3.17,0.00317,,,,,
"solar-CSP-dryCool.yaml","elec","prod","c","http://www.sciencedirect.com/science/article/pii/S1364032113000634","Current technologies available","TODO",,"50 MW, small-scale (https://www.gov.uk/government/uploads/system/uploads/attachment_data/file/191058/small_scale_concentrated_solar_power_carbon_trust.pdf)",50,0.25,,,,,
"solar-CSP.yaml","elec","prod","c","http://www.sciencedirect.com/science/article/pii/S1364032113000634","Current technologies available","TODO","http://solarlove.org/largest-solar-power-plants-world/","Largest plants rane from 97-550 MW (https://www.gov.uk/government/uploads/system/uploads/attachment_data/file/191058/small_scale_concentrated_solar_power_carbon_trust.pdf)",550,0.25,97,,,,
"solar-hydrogen_photochemical.yaml","hydrogen","prod","ml","https://www.chu.cam.ac.uk/news/2015/feb/26/chutalks-solar-fuels/","Interest in commercial-scale","TODO","https://books.google.com/books?id=p53AAgAAQBAJ&pg=PA355&lpg=PA355&dq=biohydrogen+production+plant+capacity&source=bl&ots=tT2iWdMkvx&sig=Z8dyxvstdEDckfl3dveczmwGOkk&hl=en&sa=X&ved=0CFAQ6AEwBmoVChMItcbHoOSjxwIVaSPbCh1FmgQo#v=onepage&q=biohydrogen%20production%20plant%20capacity&f=false, http://www.amazon.co.uk/Post-Oil-Energy-Technology-Solar-Hydrogen-Demonstration/dp/1420070258","Assume a plant of 3600 GJ/day, after commercialisation, A book describes a 1000 MW plant",41,"NA","***",,,,
"solar-hydrogen_photoelectroysis.yaml","hydrogen","prod","ml","Assume as for solar-chemical_photochemical","Interest in commercial-scale","TODO","https://books.google.com/books?id=p53AAgAAQBAJ&pg=PA355&lpg=PA355&dq=biohydrogen+production+plant+capacity&source=bl&ots=tT2iWdMkvx&sig=Z8dyxvstdEDckfl3dveczmwGOkk&hl=en&sa=X&ved=0CFAQ6AEwBmoVChMItcbHoOSjxwIVaSPbCh1FmgQo#v=onepage&q=biohydrogen%20production%20plant%20capacity&f=false, http://www.amazon.co.uk/Post-Oil-Energy-Technology-Solar-Hydrogen-Demonstration/dp/1420070258","Assume a plant of 3600 GJ/day, after commercialisation, A book describes a 1000 MW plant",41,"NA","***",,,,
"solar-hydrogen_thermochemical.yaml","hydrogen","prod","ml","Find no commercial examples",,"TODO","https://books.google.com/books?id=p53AAgAAQBAJ&pg=PA355&lpg=PA355&dq=biohydrogen+production+plant+capacity&source=bl&ots=tT2iWdMkvx&sig=Z8dyxvstdEDckfl3dveczmwGOkk&hl=en&sa=X&ved=0CFAQ6AEwBmoVChMItcbHoOSjxwIVaSPbCh1FmgQo#v=onepage&q=biohydrogen%20production%20plant%20capacity&f=false, http://www.amazon.co.uk/Post-Oil-Energy-Technology-Solar-Hydrogen-Demonstration/dp/1420070258","Assume a plant of 3600 GJ/day, after commercialisation, A book describes a 1000 MW plant",41,"NA","***",,,,
"solar-hydrogen_water-electrolysis.yaml","hydrogen","prod","ml","http://pubs.rsc.org/en/content/articlepdf/2014/ee/c4ee01453g","Research to encourage commercially viable solar electrolysis hydrogen production","TODO","https://books.google.com/books?id=p53AAgAAQBAJ&pg=PA355&lpg=PA355&dq=biohydrogen+production+plant+capacity&source=bl&ots=tT2iWdMkvx&sig=Z8dyxvstdEDckfl3dveczmwGOkk&hl=en&sa=X&ved=0CFAQ6AEwBmoVChMItcbHoOSjxwIVaSPbCh1FmgQo#v=onepage&q=biohydrogen%20production%20plant%20capacity&f=false, http://www.amazon.co.uk/Post-Oil-Energy-Technology-Solar-Hydrogen-Demonstration/dp/1420070258","Assume a plant of 3600 GJ/day, after commercialisation, A book describes a 1000 MW plant",41,"NA","***",,,,
"surfaceWater-treamtent-potable.yaml","waterPotable","prod","c",,,"TODO","http://www.algor.com/news_pub/cust_app/jardine/jardine.asp, http://www.dagua.com/small-medium-flow-rates.php","Largest plant is 4 million m3 per day, Small plants: 640 m3/day ",46296.3,7.41,,,,,
"thermochemical_cornStover_ethanol.yaml","ethanol","prod","DONE",,,"TODO","DONE","DONE","DONE","NA",,,,,
"thermochemical_wastePaper_ethanol.yaml","ethanol","prod","DONE",,,"TODO","DONE","DONE","DONE","NA",,,,,
"thermochemical_wheatStraw_ethanol.yaml","ethanol","prod","DONE",,,"TODO","DONE","DONE","DONE","NA",,,,,
"thermochemical_woodChips_ethanol.yaml","ethanol","prod","DONE",,,"TODO","DONE","DONE","DONE","NA",,,,,
"wasatewaterEffluent_wetlands.yaml","waterNonPotable","prod","c","http://www.sciencedirect.com/science/article/pii/S1364032112003541","Current examples","TODO","http://water.epa.gov/infrastructure/septic/upload/wetlands-subsurface_flow.pdf","U.S. systems: larget less than 3.8e3 m3/day; smaller systems from few hundered gallons per day to 40000 gallons per day",43.9,1.75,,,,,
"wastewater-algaeCultivation-manurePhotobioreactor.yaml","algae","prod","ml","http://pubs.acs.org/doi/pdf/10.1021/es5027689","Not yet commercial","TODO","http://pubs.acs.org/doi/abs/10.1021/ie901459u","125 L (optimum size)",0.00000295,"NA",,,,,
"wastewater-algaeCultivation-municipalWasteWater.yaml","algae","prod","ml","http://pubs.acs.org/doi/pdf/10.1021/es5027689",,"TODO","http://pubs.acs.org/doi/abs/10.1021/ie901459u","125 L (optimum size, assume within tubular reactors)",0.00000295,"NA",,,,,
"wastewater-algaeCultivation-openPond.yaml","algae","prod","ml","http://pubs.acs.org/doi/pdf/10.1021/es5027689",,"TODO","http://www.sciencedirect.com/science/article/pii/S0960852409012449, Assume as above, for a production pond","100000 kg biomass production per year, 0.35 g/L/day=4.05e-12 kg/L/s, assume range of 1e3 to 1e9 litres",0.00405,4.05E-009,,,,,
"wastewater-anaerobicMembraneBioreactor.yaml","wastewater","waste","ml","http://www.sciencedirect.com/science/article/pii/S1385894712006420","Òthere is no description of real industrial applications in the literature and almost no pilot cases have been describedÓ","TODO","https://en.wikipedia.org/wiki/Membrane_bioreactor, http://www.sciencedirect.com/science/book/9781856174817","Up to 48 million litres per day. Assume that when commercialised, the process will scale up to the size of other similar processes",555.56,0.0116,,,,,
"wastewater-biogas-elec-hydrogen_biogas-elec.yaml","elec","prod","c","http://www.sciencedirect.com/science/article/pii/S0360319910025103","Òactual data from a factoryÓ","TODO",,"1206 kW",1.206,"NA","Small by definition",,,,
"wastewater-biogas-elec-hydrogen_biogas-heat.yaml","heat","prod","CHECK HEAT VALUE","http://www.sciencedirect.com/science/article/pii/S0000000000000001","Òactual data from a factoryÓ","TODO","NUMBERS DON'T MAKE SENSE","NUMBERS DON'T MAKE SENSE","NUMBERS-DONT-MAKE-SENSE","NA","Small by definition",,,,
"wastewater-biogas-elec-hydrogen_HTE.yaml","hydrogen","prod","c","http://www.sciencedirect.com/science/article/pii/S0000000000000002","Òactual data from a factoryÓ","TODO",,"25.78 kW to 192.47 kW",0.00000136,0.000000182,"Small by definition",,,,
"wastewater-biogas-elec-hydrogen_KOH.yaml","hydrogen","prod","c","http://www.sciencedirect.com/science/article/pii/S0000000000000003","Òactual data from a factoryÓ","TODO",,"32.93 to 267.35 kW",0.00000188,0.000000232,"Small by definition",,,,
"wastewater-biogas-elec-hydrogen_PEM.yaml","hydrogen","prod","c","http://www.sciencedirect.com/science/article/pii/S0000000000000004","Òactual data from a factoryÓ","TODO",,"38.9 to 285 kW",0.000002007,0.000000274,"Small by definition",,,,
"wastewater-biogas-elec-hydrogen_wastewater-biogas.yaml","wastewater","waste","c","http://www.sciencedirect.com/science/article/pii/S0000000000000005","Òactual data from a factoryÓ","TODO",,"11.6 kg/s biogas",11.6,0.0116,,,,,
"wastewaterEffluent_lvingMachine.yaml","waterNonPotable","prod","c","http://www.livingmachines.com/Portfolio/Municipal-Government/San-Francisco-Public-Utilities-Commission,-San-Fra.aspx, http://www.livingmachines.com/Portfolio/Schools-Universities/Guilford-County-Schools,-Greensboro,-NC.aspx","E.g. San Francisco municipal machine which 750000+900000 gallons per year. An example in a school saves over 2 million gallons per year","TODO","http://www.livingmachines.com/Portfolio/Municipal-Government/San-Francisco-Public-Utilities-Commission,-San-Fra.aspx, http://www.livingmachines.com/Portfolio/Schools-Universities/Guilford-County-Schools,-Greensboro,-NC.aspx","E.g. San Francisco municipal machine which 750000+900000 gallons per year. An example in a school saves over 2 million gallons per year",0.198,"NA","*** Assume 10%?, wastewater from 350 people for Finhorn: https://en.wikipedia.org/wiki/Findhorn_Ecovillage#Living_Machine",,,,
"wastewaterEffluent-reuse_Singapore.yaml","waterPotable","prod","c",,,"TODO","http://spectrum.ieee.org/energy/environment/singapores-water-cycle-wizardry",,"CHECK-REFERENCE","NA",,,,,
"wastewater-reuse-irrigation.yaml","wastewater","waste","c",,,"TODO","http://www.water-technology.net/projects/as-samra-wastewater-treatment-plant-jordan/","Plant can deal with a peak flow of 840000 m3 per day, smaller scale from 1m3/day (http://tjguo.weebly.com/uploads/2/6/2/1/26216079/wst_em13819r1.pdf)",9722.2,0.0116,,,,,
"wastewater-reuse-potable.yaml","wastewater","waste","c",,,"TODO",,"NEWater produces 40 ML per day of potable water",462.96,0.0116,,,,,
"wastewater-reuse-residential.yaml","wastewater","waste","c",,,"TODO","http://www.infrastructurene.ws/2015/06/10/asias-largest-water-reuse-plant-gets-an-equipment-upgrade/","Plant treating 600000 m3/day for non potable uses",6944.4,0.0116,,,,,
"wetland-effluent-irrigation.yaml","waterIrrigation","prod","c",,,"TODO","http://water.epa.gov/infrastructure/septic/upload/wetlands-subsurface_flow.pdf","U.S. systems: larget less than 3.8e3 m3/day; smaller systems from few hundered gallons per day to 40000 gallons per day",43.9,1.75,,,,,
"wetland-effluent-reuse.yaml","waterNonPotable","prod","c",,,"TODO","http://water.epa.gov/infrastructure/septic/upload/wetlands-subsurface_flow.pdf","U.S. systems: larget less than 3.8e3 m3/day; smaller systems from few hundered gallons per day to 40000 gallons per day",43.9,1.75,,,,,
"WtE-MSW_cogen.yaml","elec","prod","c",,,"TODO","https://www.gov.uk/government/uploads/system/uploads/attachment_data/file/221036/pb13889-incineration-municipal-waste.pdf","Range of UK plants: 7.6 Mwe to 86 Mwe",86,7.6,,,,,
"WtE-MSW_elec.yaml","elec","prod","c",,,"TODO","https://www.gov.uk/government/uploads/system/uploads/attachment_data/file/221036/pb13889-incineration-municipal-waste.pdf","Range of UK plants: 7.6 Mwe to 86 Mwe",86,7.6,,,,,
"WtE.yaml","elec","prod","c",,,"TODO","https://www.gov.uk/government/uploads/system/uploads/attachment_data/file/221036/pb13889-incineration-municipal-waste.pdf","Range of UK plants: 7.6 Mwe to 86 Mwe",86,7.6,,,,,
