activated-sludge-ozone,wastewater,kg,1.06383,36.938,c
activated-sludge-ozone,elec,MJ,0.003255319,36.938,c
activated-sludge-ozone,ozone,kg,3.191489e-05,36.938,c
activated-sludge-ozone,activatedSludge,kg,0.03297872,36.938,c
activated-sludge-ozone,sludge,kg,-0.03297872,36.938,c
activated-sludge-ozone,effluent,kg,-1,36.938,c
activated-sludge-ozone,CO2,kg,-0.0006223404,36.938,c
activated-sludge,wastewater,kg,1.06383,36.938,c
activated-sludge,elec,MJ,0.003255319,36.938,c
activated-sludge,activatedSludge,kg,0.06595745,36.938,c
activated-sludge,sludge,kg,-0.06595745,36.938,c
activated-sludge,effluent,kg,-1,36.938,c
activated-sludge,CO2,kg,-0.0006223404,36.938,c
algae-cultivation,elec,MJ,-9.785714,0.00405,c
algae-cultivation,water,kg,-982.1429,0.00405,c
algae-cultivation,algae,kg,1,0.00405,c
algae-cultivation,CO2,kg,-1.8,0.00405,c
algae-production-pond,algae,kg,1,0.00405,c
algae-production-pond,water,kg,-2857.184,0.00405,c
algae-production-pond,elec,MJ,-3.7845,0.00405,c
algae-production-pond,CO2,kg,-1.8,0.00405,c
algae-production-photobioreactor-flatPlat,algae,kg,1,0.00000295,m
algae-production-photobioreactor-flatPlat,water,kg,-370.3655,0.00000295,m
algae-production-photobioreactor-flatPlat,elec,MJ,6.9894,0.00000295,m
algae-production-photobioreactor-flatPlat,CO2,kg,-1.8,0.00000295,m
algae-production-photobioreactor-tubular,algae,kg,1,0.00000295,m
algae-production-photobioreactor-tubular,water,kg,-178.485,0.00000295,m
algae-production-photobioreactor-tubular,elec,MJ,-158.958,0.00000295,m
algae-production-photobioreactor-tubular,CO2,kg,-1.8,0.00000295,m
amineScrubbing,elec,MJ,-1.332,e12,c
amineScrubbing,CO2,kg,-1,e12,c
amineScrubbing,water,kg,-0.0303,e12,c
anaerobic-digester-annamox,wastewater,kg,-1,0.149,c
anaerobic-digester-annamox,heat,MJ,-0.2961026,0.149,c
anaerobic-digester-annamox,elec,MJ,-0.1543716,0.149,c
anaerobic-digester-annamox,methane,kg,0.09341281,0.149,c
anaerobic-digester-annamox,CO2,kg,0.08321619,0.149,c
anaerobic-digester-annamox,digestate,kg,0.7314249,0.149,c
anaerobicDigestion_wastewater,wastewater,kg,-1,555.6,c
anaerobicDigestion_wastewater,methane,kg,3.9e-05,555.6,c
anaerobicDigestion_wastewater,elec,MJ,-0.0001692,555.6,c
anaerobicDigestion_wastewater,CO2,kg,0.01,555.6,c
anaerobicDigestion_wastewater,digestate,kg,0.01,555.6,c
anaerobicDigestion_sludge_manure,wastewater,kg,-1,1796.361,c
anaerobicDigestion_sludge_manure,manurePoultry,kg,-0.4285714,1796.361,c
anaerobicDigestion_sludge_manure,effluent,kg,1.113362,1796.361,c
anaerobicDigestion_sludge_manure,water,kg,0.01646662,1796.361,c
anaerobicDigestion_sludge_manure,digestate,kg,0.001380569,1796.361,c
anaerobicDigestion_sludge_manure,methane,kg,6.429109e-05,1796.361,c
anaerobicDigestion_sludge_manure,CO2,kg,3.284418e-05,1796.361,c
anaerobicDigestion_sludge_manure,elec,MJ,-0.001159566,1796.361,c
anaerobicDigestion_sludge,wastewater,kg,-1,1796.361,c
anaerobicDigestion_sludge,effluent,kg,0.7793534,1796.361,c
anaerobicDigestion_sludge,water,kg,0.01152664,1796.361,c
anaerobicDigestion_sludge,digestate,kg,0.0009663982,1796.361,c
anaerobicDigestion_sludge,methane,kg,0.001665283,1796.361,c
anaerobicDigestion_sludge,CO2,kg,1.519739e-05,1796.361,c
anaerobicDigestion_sludge,elec,MJ,-0.0008116965,1796.361,c
anaerobicDigestion_sludge_usedOil,wastewater,kg,-1,1796.361,c
anaerobicDigestion_sludge_usedOil,oilUsed,kg,-0.2345679,1796.361,c
anaerobicDigestion_sludge_usedOil,effluent,kg,0.9621648,1796.361,c
anaerobicDigestion_sludge_usedOil,water,kg,0.01423042,1796.361,c
anaerobicDigestion_sludge_usedOil,digestate,kg,0.001193084,1796.361,c
anaerobicDigestion_sludge_usedOil,methane,kg,7.408669e-05,1796.361,c
anaerobicDigestion_sludge_usedOil,CO2,kg,3.752443e-05,1796.361,c
anaerobicDigestion_sludge_usedOil,elec,MJ,-0.001002095,1796.361,c
AnMBR-reverseOsmosis_wastewater,wastewater,kg,-1,555.6,m
AnMBR-reverseOsmosis_wastewater,elec,MJ,-0.0216,555.6,m
AnMBR-reverseOsmosis_wastewater,methane,kg,4.4e-05,555.6,m
AnMBR-reverseOsmosis_wastewater,CO2,kg,2.26e-05,555.6,m
AnMBR-reverseOsmosis_wastewater,effluent,kg,1,555.6,m
biochemical_cornStover_ethanol,biomass,kg,-1.493435,18.248,c
biochemical_cornStover_ethanol,water,kg,-2.841672,18.248,c
biochemical_cornStover_ethanol,CO2,kg,1.305745,18.248,c
biochemical_cornStover_ethanol,ethanol,kg,0.3486149,18.248,c
biochemical_cornStover_ethanol,elec,MJ,1,18.248,c
biochemical_cornStover_ethanol,waste,kg,0.1036497,18.248,c
biochemical_wastePaper_ethanol,biomass,kg,-1.194811,22.989,c
biochemical_wastePaper_ethanol,water,kg,-2.792652,22.989,c
biochemical_wastePaper_ethanol,CO2,kg,0.9495725,22.989,c
biochemical_wastePaper_ethanol,ethanol,kg,0.2971107,22.989,c
biochemical_wastePaper_ethanol,elec,MJ,1,22.989,c
biochemical_wastePaper_ethanol,waste,kg,0.08226156,22.989,c
biochemical_wheatStraw_ethanol,biomass,kg,-1.268481,20.299,c
biochemical_wheatStraw_ethanol,water,kg,-2.655057,20.299,c
biochemical_wheatStraw_ethanol,CO2,kg,1.319893,20.299,c
biochemical_wheatStraw_ethanol,ethanol,kg,0.2664335,20.299,c
biochemical_wheatStraw_ethanol,elec,MJ,1,20.299,c
biochemical_wheatStraw_ethanol,waste,kg,0.09316277,20.299,c
biochemical_woodChips_ethanol,biomass,kg,-2.36895,19.543,c
biochemical_woodChips_ethanol,water,kg,-1.807496,19.543,c
biochemical_woodChips_ethanol,CO2,kg,1.586629,19.543,c
biochemical_woodChips_ethanol,ethanol,kg,0.3224513,19.543,c
biochemical_woodChips_ethanol,elec,MJ,1,19.543,c
biochemical_woodChips_ethanol,waste,kg,0.07878638,19.543,c
biodiesel_boiler,biodiesel,kg,-0.03443333,0.512,c
biodiesel_boiler,heat,MJ,1,0.512,c
biodiesel-CHP,biodiesel,MJ,-1.769231,CHECK-REFERENCE,c
biodiesel-CHP,elec,MJ,1,CHECK-REFERENCE,c
biodiesel-CHP,heat,MJ,1.169231,CHECK-REFERENCE,c
biodiesel-CHP,CO2,kg,0.05116923,CHECK-REFERENCE,c
biodiesel-cookingOil,oilUsed,kg,-1.054545,0.12,c
biodiesel-cookingOil,elec,MJ,-0.05318182,0.12,c
biodiesel-cookingOil,methanol,kg,-0.0967375,0.12,c
biodiesel-cookingOil,biodiesel,kg,1,0.12,c
biodiesel-cookingOil,water,kg,0.01136364,0.12,c
biogas-MSW-agri,biomassAgriWaste,kg,-1,4.439,c
biogas-MSW-agri,heat,MJ,-0.288,4.439,c
biogas-MSW-agri,elec,MJ,-0.144,4.439,c
biogas-MSW-agri,methane,kg,0.29,4.439,c
biogas-MSW-agri,CO2,kg,0.4356,4.439,c
biogas-MSW-agri,digestate,kg,0.3,4.439,c
biogas-CHP,biogas,kg,-0.0003123362,300,c
biogas-CHP,elec,MJ,1,300,c
biogas-CHP,heat,MJ,1.032583,300,c
biogas-CHP,CO2,kg,0,300,c
biogas-MSW-food,foodWaste,kg,6.923098,4.439,c
biogas-MSW-food,methane,kg,-1.453851,4.439,c
biogas-MSW-food,heat,MJ,1.993852,4.439,c
biogas-MSW-food,elec,MJ,1,4.439,c
biogas-MSW-food,CO2,kg,-2.250007,4.439,c
biogas-MSW-food,digestate,kg,-2.076929,4.439,c
biogas-MSW-sewage-combo,MSW,kg,-1,4.439,c
biogas-MSW-sewage-combo,wastewater,kg,-1,4.439,c
biogas-MSW-sewage-combo,methane,kg,0.09524138,4.439,c
biogas-MSW-sewage-combo,heat,MJ,-0.576,4.439,c
biogas-MSW-sewage-combo,elec,MJ,-0.288,4.439,c
biogas-MSW-sewage-combo,CO2,kg,0.1453103,4.439,c
biogas-MSW-sewage-combo,digestate,kg,0.6,4.439,c
biogas-MSW,MSW,kg,-1,4.439,c
biogas-MSW,methane,kg,0.222,4.439,c
biogas-MSW,heat,MJ,-0.288,4.439,c
biogas-MSW,elec,MJ,-0.144,4.439,c
biogas-MSW,CO2,kg,0.339,4.439,c
biogas-MSW,digestate,kg,0.3,4.439,c
biogas-municipalFoodWaste-greenWaste-CNG-heat-elec,elec,MJ,0,4.439,m
biogas-municipalFoodWaste-greenWaste-CNG-heat-elec,heat,MJ,0.07826087,4.439,m
biogas-municipalFoodWaste-greenWaste-CNG-heat-elec,biogas,kg,0.0001289565,4.439,m
biogas-municipalFoodWaste-greenWaste-CNG-heat-elec,CNG,kg,0.1509565,4.439,m
biogas-municipalFoodWaste-greenWaste-CNG-heat-elec,MSW,kg,-1,4.439,m
biogas-municipalFoodWaste-greenWaste-CNG-heat-elec,digestate,kg,0.3,4.439,m
biogas-municipalFoodWaste-greenWaste-CNG-heat,elec,MJ,-0.2191304,4.439,m
biogas-municipalFoodWaste-greenWaste-CNG-heat,heat,MJ,0,4.439,m
biogas-municipalFoodWaste-greenWaste-CNG-heat,biogas,kg,0.0001470174,4.439,m
biogas-municipalFoodWaste-greenWaste-CNG-heat,CNG,kg,0.1197609,4.439,m
biogas-municipalFoodWaste-greenWaste-CNG-heat,MSW,kg,-1,4.439,m
biogas-municipalFoodWaste-greenWaste-CNG-heat,digestate,kg,0.3,4.439,m
biogas-municipalFoodWaste-greenWaste-CNG,elec,MJ,-0.2347826,4.439,m
biogas-municipalFoodWaste-greenWaste-CNG,heat,MJ,-0.2003478,4.439,m
biogas-municipalFoodWaste-greenWaste-CNG,biogas,kg,0.0001651913,4.439,m
biogas-municipalFoodWaste-greenWaste-CNG,CNG,kg,0.1345217,4.439,m
biogas-municipalFoodWaste-greenWaste-CNG,MSW,kg,-1,4.439,m
biogas-municipalFoodWaste-greenWaste-CNG,digestate,kg,0.3,4.439,m
biogas-municipalFoodWaste-greenWaste-elec,elec,MJ,0.8514783,4.439,m
biogas-municipalFoodWaste-greenWaste-elec,heat,MJ,1.051826,4.439,m
biogas-municipalFoodWaste-greenWaste-elec,biogas,kg,0.0001449304,4.439,m
biogas-municipalFoodWaste-greenWaste-elec,MSW,kg,-1,4.439,m
biogas-municipalFoodWaste-greenWaste-elec,digestate,kg,0.3,4.439,m
biogas-UPGRADE-methane-AwR,elec,MJ,-0.4743552,0.24,c
biogas-UPGRADE-methane-AwR,water,kg,-21.37563,0.24,c
biogas-UPGRADE-methane-AwR,biogas,kg,-3.018974,0.24,c
biogas-UPGRADE-methane-AwR,methane,kg,1,0.24,c
biogas-UPGRADE-methane-BABIU,elec,MJ,-0.9184509,0.24,c
biogas-UPGRADE-methane-BABIU,water,kg,0,0.24,c
biogas-UPGRADE-methane-BABIU,biogas,kg,-3.065696,0.24,c
biogas-UPGRADE-methane-BABIU,methane,kg,1,0.24,c
biogas-UPGRADE-methane-BABIU,ash,kg,0,0.24,c
biogas-UPGRADE-methane-HPWS,elec,MJ,-2.234994,0.24,c
biogas-UPGRADE-methane-HPWS,water,kg,0,0.24,c
biogas-UPGRADE-methane-HPWS,biogas,kg,-3.065715,0.24,c
biogas-UPGRADE-methane-HPWS,methane,kg,1,0.24,c
biogas-vegWaste,vegWaste,kg,-5.075884,0.24,c
biogas-vegWaste,methane,kg,1,0.24,c
biogas-vegWaste,CO2,kg,1.624131,0.24,c
biogas-vegWaste,digestate,kg,1.522765,0.24,c
biomass_biogas-biodiesel,biomass,kg,-2.018464,0.158,r
biomass_biogas-biodiesel,water,kg,-0.2112154,0.158,r
biomass_biogas-biodiesel,wastewater,kg,0.2112154,0.158,r
biomass_biogas-biodiesel,biodiesel,kg,1,0.158,r
biomass_biogas-biodiesel,ethanol,kg,0.2434058,0.158,r
biomass_biogas-biodiesel,heat,MJ,-5.037983,0.158,r
biomass_ethanol,biomass,kg,-4.157161,2.22,r
biomass_ethanol,ethanol,kg,1,2.22,r
biomass_ethanol,heat,MJ,-2.95057,2.22,r
biomass_ethanol,elec,MJ,-0.7376426,2.22,r
biomass_ethanol,water,kg,-0.7338403,2.22,r
biomass_ethanol,wastewater,kg,0.7338403,2.22,r
biomass-gasification,biomass,kg,-0.02800179,130,r
biomass-gasification,CO2,kg,0.008092518,130,r
biomass-gasification,elec,MJ,1,130,r
biomass-gasification,heat,MJ,0.1814516,130,r
biomass-gasification,ash,kg,0.002240143,130,r
biomass-gasification,water,kg,-0.46931,130,r
biomass-hydrogen-dark-fermentation,biomass,kg,-218.45,0.2913,ml
biomass-hydrogen-dark-fermentation,elec,MJ,-20.88,0.2913,ml
biomass-hydrogen-dark-fermentation,hydrogen,kg,1,0.2913,ml
biomass-hydrogen-dark-fermentation,CO2,kg,24.59,0.2913,ml
biomass-hydrogen-dark-fermentation,methane,kg,6.75,0.2913,ml
biomass-hydrogen-electrochemically-assisted-process,biomass,kg,-90.56,0.2913,ml
biomass-hydrogen-electrochemically-assisted-process,elec,MJ,23.112,0.2913,ml
biomass-hydrogen-electrochemically-assisted-process,hydrogen,kg,1,0.2913,ml
biomass-hydrogen-electrochemically-assisted-process,CO2,kg,12.39,0.2913,ml
biomass-hydrogen-electrochemically-assisted-process,methane,kg,0.54,0.2913,ml
biomass-hydrogen-photo-fermentation,biomass,kg,-99.68,0.2913,ml
biomass-hydrogen-photo-fermentation,elec,MJ,-14.004,0.2913,ml
biomass-hydrogen-photo-fermentation,hydrogen,kg,1,0.2913,ml
biomass-hydrogen-photo-fermentation,CO2,kg,13.44,0.2913,ml
biomass-hydrogen-photo-fermentation,methane,kg,0.67,0.2913,ml
biomass-hydrogen-two-stage-process,biomass,kg,-93.09,0.2913,ml
biomass-hydrogen-two-stage-process,elec,MJ,-13.752,0.2913,ml
biomass-hydrogen-two-stage-process,hydrogen,kg,1,0.2913,ml
biomass-hydrogen-two-stage-process,CO2,kg,13.04,0.2913,ml
biomass-hydrogen-two-stage-process,methane,kg,0.45,0.2913,ml
biomass-pyrolysis,biooil,kg,1,4,c
biomass-pyrolysis,biomass,kg,-2.797203,4,c
biomass-pyrolysis,water,kg,-251.7483,4,c
biomass-pyrolysis,elec,MJ,-2.517483,4,c
biomass-pyrolysis,gasNatural,kg,-2.84965e-05,4,c
biomass-pyrolysis,CO2,kg,0.3003497,4,c
biomass-pyrolysis,slag,kg,0.6993007,4,c
biomass-to-DME,wood,kg,-6.228506,3.63,m
biomass-to-DME,water,kg,-1.764157,3.63,m
biomass-to-DME,elec,MJ,2.363592,3.63,m
biomass-to-DME,heat,MJ,0.7260527,3.63,m
biomass-to-DME,DME,kg,1,3.63,m
biomass-to-DME,wastewater,kg,2.475659,3.63,m
biomass-to-DME,ash,kg,0.4801681,3.63,m
biomass-to-hydrogen,wood,kg,-31.57691,1.58,ml
biomass-to-hydrogen,water,kg,-9.460287,1.58,ml
biomass-to-hydrogen,elec,MJ,-6.570941,1.58,ml
biomass-to-hydrogen,heat,MJ,26.82495,1.58,ml
biomass-to-hydrogen,hydrogen,kg,1,1.58,ml
biomass-to-hydrogen,wastewater,kg,8.563348,1.58,ml
biomass-to-hydrogen,ash,kg,2.434328,1.58,ml
biomass-to-methanol,wood,kg,-4.468937,5.06,r
biomass-to-methanol,water,kg,-1.265778,5.06,r
biomass-to-methanol,elec,MJ,-2.39013,5.06,r
biomass-to-methanol,heat,MJ,4.501727,5.06,r
biomass-to-methanol,methanol,kg,1,5.06,r
biomass-to-methanol,wastewater,kg,1.493776,5.06,r
biomass-to-methanol,ash,kg,0.3445194,5.06,r
CHP-biomass,biomass,kg,-0.6153846,1,c
CHP-biomass,elec,MJ,1,1,c
CHP-biomass,heat,MJ,6.692308,1,c
CHP-decentralised-fuelCell_biomass,biomass,kg,-0.1781077,3,m
CHP-decentralised-fuelCell_biomass,elec,MJ,1,3,m
CHP-decentralised-fuelCell_biomass,heat,MJ,0.8449782,3,m
CHP-fuelCell_hydrogen,hydrogen,kg,-0.01505376,2,c
CHP-fuelCell_hydrogen,elec,MJ,1,2,c
CHP-fuelCell_hydrogen,heat,MJ,0.4623656,2,c
CHP-fuelCell_hydrogen,waterNonPotable,kg,0.2987097,2,c
CHP-gas_fuelOil,oil,kg,-0.06943333,300,c
CHP-gas_fuelOil,elec,MJ,1,300,c
CHP-gas_fuelOil,heat,MJ,1.2,300,c
CHP-gas_fuelOil,CO2,kg,0.247,300,c
wasteGas,gasLandfill,MJ,-0.1201333,300,c
wasteGas,elec,MJ,1,300,c
wasteGas,heat,MJ,1.2,300,c
wasteGas,CO2,kg,0.198,300,c
CHP-gas_gasNatural,gasNatural,kg,-0.0622,300,c
CHP-gas_gasNatural,elec,MJ,1,300,c
CHP-gas_gasNatural,heat,MJ,1.2,300,c
CHP-gas_gasNatural,CO2,kg,0.1703333,300,c
CHP-microTurbine_liquidFuel,gasoline,kg,-0.1008,1,c
CHP-microTurbine_liquidFuel,elec,MJ,1,1,c
CHP-microTurbine_liquidFuel,heat,MJ,1.66,1,c
CHP-microTurbine_liquidFuel,CO2,kg,0.2772,1,c
CHP-microTurbine_gasNatural,gasNatural,kg,-0.07464,1,c
CHP-microTurbine_gasNatural,elec,MJ,1,1,c
CHP-microTurbine_gasNatural,heat,MJ,1.66,1,c
CHP-microTurbine_gasNatural,CO2,kg,0.2044,1,c
CHP-reciprocatingEngine_LPG,LPG,kg,-0.06338235,10,c
CHP-reciprocatingEngine_LPG,elec,MJ,1,10,c
CHP-reciprocatingEngine_LPG,heat,MJ,1.308824,10,c
CHP-reciprocatingEngine_LPG,CO2,kg,0.1855882,10,c
CHP-reciprocatingEngine_gasNatural,gasNatural,kg,-0.05488235,10,c
CHP-reciprocatingEngine_gasNatural,elec,MJ,1,10,c
CHP-reciprocatingEngine_gasNatural,heat,MJ,1.308824,10,c
CHP-reciprocatingEngine_gasNatural,CO2,kg,0.1502941,10,c
CHP-reciprocatingEngine_wasteGas,gasWaste,MJ,-2.941176,10,c
CHP-reciprocatingEngine_wasteGas,elec,MJ,1,10,c
CHP-reciprocatingEngine_wasteGas,heat,MJ,1.308824,10,c
CHP-reciprocatingEngine_wasteGas,CO2,kg,0.1747059,10,c
CHP-steam-large_biogas,biogas,kg,-0.07119,500,c
CHP-steam-large_biogas,elec,MJ,1,500,c
CHP-steam-large_biogas,heat,MJ,1,500,c
CHP-steam-large_fuelOil,oil,kg,-0.052075,500,c
CHP-steam-large_fuelOil,elec,MJ,1,500,c
CHP-steam-large_fuelOil,heat,MJ,1,500,c
CHP-steam-large_fuelOil,CO2,kg,0.18525,500,c
CHP-steam-large_hydrogen,hydrogen,kg,-0.0176,500,c
CHP-steam-large_hydrogen,elec,MJ,1,500,c
CHP-steam-large_hydrogen,heat,MJ,1,500,c
CHP-steam-large_hydrogen,waterNonPotable,kg,0.3475,500,c
CHP-steam-large_wasteGas,gasLandfill,kg,-0.09,500,c
CHP-steam-large_wasteGas,elec,MJ,1,500,c
CHP-steam-large_wasteGas,heat,MJ,1,500,c
CHP-steam-large_wasteGas,CO2,kg,0.1485,500,c
CHP-steam-large_liquidFuel,liquidFuel,MJ,-2.5,500,c
CHP-steam-large_liquidFuel,elec,MJ,1,500,c
CHP-steam-large_liquidFuel,heat,MJ,1,500,c
CHP-steam-large_liquidFuel,CO2,kg,0.17325,500,c
CHP-steam-large_LPG,LPG,kg,-0.05375,500,c
CHP-steam-large_LPG,elec,MJ,1,500,c
CHP-steam-large_LPG,heat,MJ,1,500,c
CHP-steam-large_LPG,CO2,kg,0.15775,500,c
CHP-steam-large_methanol,methanol,kg,-0.127,500,c
CHP-steam-large_methanol,elec,MJ,1,500,c
CHP-steam-large_methanol,heat,MJ,1,500,c
CHP-steam-large_methanol,CO2,kg,0.17425,500,c
CHP-steam-large_gasNatural,gasNatural,kg,-0.04665,500,c
CHP-steam-large_gasNatural,elec,MJ,1,500,c
CHP-steam-large_gasNatural,heat,MJ,1,500,c
CHP-steam-large_gasNatural,CO2,kg,0.12775,500,c
CHP-steam-large_propane,propane,kg,-0.0504,500,c
CHP-steam-large_propane,elec,MJ,1,500,c
CHP-steam-large_propane,heat,MJ,1,500,c
CHP-steam-large_propane,CO2,kg,0.1475,500,c
CHP-steam-large_syngas,syngas,kg,-0.09325,500,c
CHP-steam-large_syngas,elec,MJ,1,500,c
CHP-steam-large_syngas,heat,MJ,1,500,c
CHP-steam-large_syngas,CO2,kg,0.170825,500,c
CHP-steam-large_wasteGas,gasWaste,MJ,-2.5,500,c
CHP-steam-large_wasteGas,elec,MJ,1,500,c
CHP-steam-large_wasteGas,heat,MJ,1,500,c
CHP-steam-large_wasteGas,CO2,kg,0.1485,500,c
CHP-steam-small_biogas,biogas,kg,-0.569152,0.5,c
CHP-steam-small_biogas,elec,MJ,1,0.5,c
CHP-steam-small_biogas,heat,MJ,15,0.5,c
CHP-steam-small_fuelOil,fuelOil,MJ,-20,0.5,c
CHP-steam-small_fuelOil,elec,MJ,1,0.5,c
CHP-steam-small_fuelOil,heat,MJ,15,0.5,c
CHP-steam-small_fuelOil,CO2,kg,1.482,0.5,c
CHP-steam-small_liquidFuel_hydrogen,hydrogen,kg,-0.1408,0.5,c
CHP-steam-small_liquidFuel_hydrogen,elec,MJ,1,0.5,c
CHP-steam-small_liquidFuel_hydrogen,heat,MJ,15,0.5,c
CHP-steam-small_liquidFuel_hydrogen,waterNonPotable,kg,2.778,0.5,c
CHP-steam-small_wasteGas,gasLandfill,kg,-0.7208,0.5,c
CHP-steam-small_wasteGas,elec,MJ,1,0.5,c
CHP-steam-small_wasteGas,heat,MJ,15,0.5,c
CHP-steam-small_wasteGas,CO2,kg,1.188,0.5,c
CHP-steam-small_liquidFuel,liquidFuel,MJ,-20,0.5,c
CHP-steam-small_liquidFuel,elec,MJ,1,0.5,c
CHP-steam-small_liquidFuel,heat,MJ,15,0.5,c
CHP-steam-small_liquidFuel,CO2,kg,1.386,0.5,c
CHP-steam-small_LPG,LPG,kg,-0.431,0.5,c
CHP-steam-small_LPG,elec,MJ,1,0.5,c
CHP-steam-small_LPG,heat,MJ,15,0.5,c
CHP-steam-small_LPG,CO2,kg,1.262,0.5,c
CHP-steam-small_methanol,methanol,kg,-1.016,0.5,c
CHP-steam-small_methanol,elec,MJ,1,0.5,c
CHP-steam-small_methanol,heat,MJ,15,0.5,c
CHP-steam-small_methanol,CO2,kg,1.394,0.5,c
CHP-steam-small_gasNatural,gasNatural,kg,-0.3732,0.5,c
CHP-steam-small_gasNatural,elec,MJ,1,0.5,c
CHP-steam-small_gasNatural,heat,MJ,15,0.5,c
CHP-steam-small_gasNatural,CO2,kg,1.022,0.5,c
CHP-steam-small_propane,propane,kg,-0.4032,0.5,c
CHP-steam-small_propane,elec,MJ,1,0.5,c
CHP-steam-small_propane,heat,MJ,15,0.5,c
CHP-steam-small_propane,CO2,kg,1.18,0.5,c
CHP-steam-small_syngas,syngas,kg,-0.746,0.5,c
CHP-steam-small_syngas,elec,MJ,1,0.5,c
CHP-steam-small_syngas,heat,MJ,15,0.5,c
CHP-steam-small_syngas,CO2,kg,1.3666,0.5,c
CHP-steam-small_wasteGas,gasWaste,MJ,-20,0.5,c
CHP-steam-small_wasteGas,elec,MJ,1,0.5,c
CHP-steam-small_wasteGas,heat,MJ,15,0.5,c
CHP-steam-small_wasteGas,CO2,kg,1.188,0.5,c
coalLooping_hydrogen-elec,coal,kg,-0.09347222,450,m
coalLooping_hydrogen-elec,water,kg,-0.1393333,450,m
coalLooping_hydrogen-elec,elec,MJ,1,450,m
coalLooping_hydrogen-elec,CO2,kg,0.002316667,450,m
coalLooping_hydrogen-elec,ash,kg,0.03966111,450,m
coalLooping_hydrogen-elec,wastewater,kg,0.1491694,450,m
coalLooping_hydrogen-elec,heat,MJ,1.01,450,m
coal-solar-hybrid,coal,kg,-0.02309396,116.9137,ml
coal-solar-hybrid,solar,MJ,-2.221083,116.9137,ml
coal-solar-hybrid,elec,MJ,1,116.9137,ml
coal-solar-hybrid,water,kg,-0.009921848,116.9137,ml
coal-solar-hybrid,CO2,kg,0.05371483,116.9137,ml
coal-solar-hybrid,ash,kg,0.002283736,116.9137,ml
cofiring-biomass-coal,coal,kg,-0.07714286,1600,c
cofiring-biomass-coal,biomass,kg,-0.06857143,1600,c
cofiring-biomass-coal,elec,MJ,1,1600,c
cofiring-biomass-coal,heat,MJ,1.857143,1600,c
cofiring-biomass-coal,water,kg,-0.8571429,1600,c
cofiring-biomass-coal,CO2,kg,0.185,1600,c
cofiring-biomass-coal,ash,kg,0.015,1600,c
cofiring-boiler_coal-biomass,coal,kg,-0.08640035,350,c
cofiring-boiler_coal-biomass,biomass,kg,-0.01006873,350,c
cofiring-boiler_coal-biomass,heat,MJ,1.162791,350,c
cofiring-boiler_coal-biomass,elec,MJ,1,350,c
cofiring-boiler_coal-biomass,water,kg,-0.8672778,350,c
cofiring-boiler_coal-biomass,CO2,kg,0.09249366,350,c
cofiring-boiler_coal-biomass,ash,kg,0.09647067,350,c
combustion-biomass,biomass,kg,-0.2666667,350,c
combustion-biomass,elec,MJ,1,350,c
combustion-biomass,heat,MJ,2.333333,350,c
combustion-biomass,water,kg,-0.7,350,c
combustion-biomass,ash,kg,0.02666667,350,c
coal-combustion-bituminous,coal,kg,-0.1333333,350,c
coal-combustion-bituminous,elec,MJ,1,350,c
coal-combustion-bituminous,heat,MJ,2.333333,350,c
coal-combustion-bituminous,water,kg,-0.8666667,350,c
coal-combustion-bituminous,CO2,kg,0.3083333,350,c
coal-combustion-bituminous,ash,kg,0.01333333,350,c
combustion-coal-combined-cycle,coal,kg,-0.07843137,2400,c
combustion-coal-combined-cycle,elec,MJ,1,2400,c
combustion-coal-combined-cycle,heat,MJ,0.9607843,2400,c
combustion-coal-combined-cycle,water,kg,-0.8627451,2400,c
combustion-coal-combined-cycle,ash,kg,0.007843137,2400,c
combustion-coal,coal,kg,-0.1212121,2400,c
combustion-coal,elec,MJ,1,2400,c
combustion-coal,heat,MJ,2.030303,2400,c
combustion-coal,water,kg,-0.8666667,2400,c
combustion-coal,CO2,kg,0.280303,2400,c
combustion-coal,ash,kg,0.01212121,2400,c
combustion-sludgeDigested,digestate,kg,-4.644097,0.9474,c
combustion-sludgeDigested,gasNatural,kg,-0.2361241,0.9474,c
combustion-sludgeDigested,elec,MJ,1,0.9474,c
combustion-sludgeDigested,heat,MJ,11.25781,0.9474,c
combustion-sludgeDigested,ash,kg,0.78125,0.9474,c
combustion-sludgeDigested,water,kg,-40.53819,0.9474,c
combustion-sludgeDigested,CO2,kg,0.646875,0.9474,c
combustion-sludgeRaw,sludge,kg,-1.962081,0.9474,c
combustion-sludgeRaw,gasNatural,kg,-0.04305109,0.9474,c
combustion-sludgeRaw,elec,MJ,1,0.9474,c
combustion-sludgeRaw,heat,MJ,5.069489,0.9474,c
combustion-sludgeRaw,water,kg,-0.6983025,0.9474,c
combustion-sludgeRaw,CO2,kg,0.1179409,0.9474,c
combustion-sludgeRaw,ash,kg,0.1984127,0.9474,c
constructed-wetland,wastewater,kg,-1,43.9,c
constructed-wetland,effluent,kg,0.95,43.9,c
conventionalAirConditioning,elec,MJ,1.248223,0.003517,c
conventionalAirConditioning,cooling,MJ,1,0.003517,c
cookingStove-Uganda-traditional,biomass,kg,-0.8,CHECK-REFERENCE,c
cookingStove-Uganda-traditional,heatCooking,MJ,1,CHECK-REFERENCE,c
cooling-evaporative-cooling,heat,MJ,-2.558816,0.00000108,c
cooling-evaporative-cooling,cooling,MJ,1,0.00000108,c
cooling-evaporative-cooling,water,kg,-10914.38,0.00000108,c
cooling-evaporative-heating,heat,MJ,-0.3289474,0.00382,c
cooling-evaporative-heating,cooling,MJ,1,0.00382,c
cooling-thermallyActivated_adsorption-activatedCarbon,heat,MJ,-4,0.012,c
cooling-thermallyActivated_adsorption-activatedCarbon,cooling,MJ,1,0.012,c
cooling-thermallyActivated_adsorption-silica,heat,MJ,-2.5,1,c
cooling-thermallyActivated_adsorption-silica,cooling,MJ,1,1,c
cooling-thermallyActivated_H2O-NH3_double,heat,MJ,-1,0.11,c
cooling-thermallyActivated_H2O-NH3_double,cooling,MJ,1,0.11,c
cooling-thermallyActivated_H2O-NH3_single-small,heat,MJ,-1.818182,0.09,c
cooling-thermallyActivated_H2O-NH3_single-small,cooling,MJ,1,0.09,c
cooling-thermallyActivated_H2O-NH3_single,heat,MJ,-2.352941,6.5,c
cooling-thermallyActivated_H2O-NH3_single,cooling,MJ,1,6.5,c
cooling-thermallyActivated_LiBr-H2O_double,heat,MJ,-0.9090909,11.63,c
cooling-thermallyActivated_LiBr-H2O_double,cooling,MJ,1,11.63,c
cooling-thermallyActivated_LiBr-H2O_single,heat,MJ,-1.666667,7,c
cooling-thermallyActivated_LiBr-H2O_single,cooling,MJ,1,7,c
cooling-thermallyActivated_liquidDessicant,heat,MJ,-1.176471,0.5,c
cooling-thermallyActivated_liquidDessicant,cooling,MJ,1,0.5,c
cooling-thermallyActivated_solidDessicant,heat,MJ,-1.538462,0.05,c
cooling-thermallyActivated_solidDessicant,cooling,MJ,1,0.05,c
desalination-Cu-Cl-combo,heat,MJ,-0.02777778,9259.259,ml
desalination-Cu-Cl-combo,seawater,kg,-2.999339,9259.259,ml
desalination-Cu-Cl-combo,hydrogen,kg,0.1102293,9259.259,ml
desalination-Cu-Cl-combo,water,kg,1,9259.259,ml
desalination-mechanicalVapourCompression,seawater,kg,3,9259.259,r
desalination-mechanicalVapourCompression,water,kg,1,9259.259,r
desalination-mechanicalVapourCompression,elec,MJ,0.01764,9259.259,r
desalination-mechanicalVapourCompression,seawater,kg,-1,9259.259,c
desalination-mechanicalVapourCompression,water,kg,1,9259.259,c
desalination-mechanicalVapourCompression,elec,MJ,-0.036,9259.259,c
desalination-multiEffectDistillation,seawater,kg,3,9259.259,c
desalination-multiEffectDistillation,water,kg,1,9259.259,c
desalination-multiEffectDistillation,elec,MJ,0.0072,9259.259,c
desalination-multiEffectDistillation,heat,MJ,0.32,9259.259,c
desalination-multiStageFlash,seawater,kg,3,9259.259,c
desalination-multiStageFlash,water,kg,1,9259.259,c
desalination-multiStageFlash,elec,MJ,0.018,9259.259,c
desalination-multiStageFlash,heat,MJ,0.25,9259.259,c
desalination-photovoltaicModules,waterBrackish,kg,-3,694.4,rc
desalination-photovoltaicModules,water,kg,1,694.4,rc
desalination-photovoltaicModules,elec,MJ,-0.0126,694.4,rc
desalination-ReverseOsmosis-PV,seawater,kg,-3,0.01472,ml
desalination-ReverseOsmosis-PV,water,kg,1,0.01472,ml
desalination-ReverseOsmosis-PV,solar,MJ,-0.4146,0.01472,ml
desalination-ReverseOsmosis,seawater,kg,3,9259.259,c
desalination-ReverseOsmosis,water,kg,1,9259.259,c
desalination-ReverseOsmosis,elec,MJ,0.0144,9259.259,c
desalination-solarPond,waterBrackish,kg,-3,34.72,c
desalination-solarPond,water,kg,1,34.72,c
desalination-solarPond,elec,MJ,-1.095,34.72,c
desalination-wind,waterBrackish,kg,3,4.167,r
desalination-wind,water,kg,1,4.167,r
desalination-wind,elec,MJ,0.0648,4.167,r
digestion_biomassAgriWaste_biodiesel,biomassAgriWaste,kg,-25.78306,0.634,c
digestion_biomassAgriWaste_biodiesel,biodiesel,kg,1,0.634,c
digestion_biomassAgriWaste_biodiesel,elec,MJ,10.07723,0.634,c
digestion_biomassAgriWaste_biodiesel,heat,MJ,13.26684,0.634,c
distributed-engine-cogen,diesel,kg,-0.052075,3,c
distributed-engine-cogen,elec,MJ,1,3,c
distributed-engine-cogen,heat,MJ,1,3,c
distributed-engine-cogen,CO2,kg,0.18525,3,c
distributed-engine,diesel,kg,-0.052075,3,c
distributed-engine,elec,MJ,1,3,c
distributed-engine,CO2,kg,0.18525,3,c
distributed-fuelCells-cogen,hydrogen,kg,-0.0175,3,cm
distributed-fuelCells-cogen,elec,MJ,1,3,cm
distributed-fuelCells-cogen,heat,MJ,1.125,3,cm
distributed-fuelCells-cogen,waterHot,kg,0.139,3,cm
distributed-fuelCells-elec,hydrogen,kg,-0.0175,3,cm
distributed-fuelCells-elec,elec,MJ,1,3,cm
distributed-fuelCells-elec,water,kg,0.139,3,cm
distributed-gas-turbine-micro-cogen,gasNatural,kg,-0.05331429,0.4,c
distributed-gas-turbine-micro-cogen,elec,MJ,1,0.4,c
distributed-gas-turbine-micro-cogen,heat,MJ,1.285714,0.4,c
distributed-gas-turbine-micro-cogen,CO2,kg,0.1602857,0.4,c
distributed-gas-turbine-micro,gasNatural,MJ,-0.05331429,0.4,c
distributed-gas-turbine-micro,elec,MJ,1,0.4,c
distributed-gas-turbine-micro,CO2,kg,0.1602857,0.4,c
distributed-solar,solar,MJ,-5.882353,3,c
distributed-solar,elec,MJ,1,3,c
distributed-wind,wind,MJ,-3.333333,0.006,c
distributed-wind,elec,MJ,1,0.006,c
district-cogen-absorptionChiller,heat,MJ,-1.492537,100,c
district-cogen-absorptionChiller,cooling,MJ,1,100,c
district-cogen-heating,fuel,MJ,-1.666667,230,c
district-cogen-heating,elec,MJ,0.4166667,230,c
district-cogen-heating,water,kg,-0.1956667,230,c
district-cogen-heating,heat,MJ,1,230,c
district-cogen-heating,CO2,kg,0.1576667,230,c
fossilHydrogen_intrinsicCO2capture,coal,kg,-0.1592,1.56,c
fossilHydrogen_intrinsicCO2capture,water,kg,-19.8,1.56,c
fossilHydrogen_intrinsicCO2capture,hydrogen,kg,1,1.56,c
fossilHydrogen_intrinsicCO2capture,waste,kg,0.2016,1.56,c
fossilHydrogen_intrinsicCO2capture,CO2,kg,8.889,1.56,c
fuelCell_ethanol,ethanol,kg,-0.08813953,0.015,ml
fuelCell_ethanol,elec,MJ,1,0.015,ml
fuelCell_ethanol,CO2,kg,0.1545116,0.015,ml
fuelCell_leachate,leachate,kg,-2906977,0.015,ml
fuelCell_leachate,elec,MJ,1,0.015,ml
fuelCell_leachate,wastewater,kg,2906977,0.015,ml
fuelCell_sludge_energy,sludge,kg,-160.5652,0.015,ml
fuelCell_sludge_energy,elec,MJ,1,0.015,ml
fuelCell_sludge_energy,methane,kg,0.2231856,0.015,ml
gasification-biomass-methane,biomass,kg,-21.87557,0.0001319,m
gasification-biomass-methane,water,kg,-4.35359,0.0001319,m
gasification-biomass-methane,methane,kg,1,0.0001319,m
gasification-biomass-methanol-backPressure,biomass,kg,-3.089996,34.95,m
gasification-biomass-methanol-backPressure,water,kg,-1.544998,34.95,m
gasification-biomass-methanol-backPressure,methanol,kg,1,34.95,m
gasification-biomass-methanol-backPressure,elec,MJ,3.167246,34.95,m
gasification-biomass-methanol-condensingTurbine-heatPump-twoSteamLevels,biomass,kg,-3.088803,34.95,m
gasification-biomass-methanol-condensingTurbine-heatPump-twoSteamLevels,water,kg,-0.1158301,34.95,m
gasification-biomass-methanol-condensingTurbine-heatPump-twoSteamLevels,methanol,kg,1,34.95,m
gasification-biomass-methanol-condensingTurbine-heatPump-twoSteamLevels,elec,MJ,0.2316602,34.95,m
gasification-biomass-methanol-condensingTurbine-noDrying-adjusted,biomass,kg,-3.587444,30.17,m
gasification-biomass-methanol-condensingTurbine-noDrying-adjusted,methanol,kg,1,30.17,m
gasification-biomass-methanol-condensingTurbine-noDrying-adjusted,elec,MJ,1.03139,30.17,m
gasification-biomass-methanol-condensingTurbine-noDrying-adjusted,water,kg,-0.4484305,30.17,m
gasification-biomass-methanol-condensingTurbine-noDrying,biomass,kg,-3.587444,30.17,m
gasification-biomass-methanol-condensingTurbine-noDrying,water,kg,-0.2690583,30.17,m
gasification-biomass-methanol-condensingTurbine-noDrying,methanol,kg,1,30.17,m
gasification-biomass-methanol-condensingTurbine-noDrying,elec,MJ,0.5829596,30.17,m
gasification-biomass-methanol-condensingTurbine-noDrying,heat,MJ,2.690583,30.17,m
gasification-coal-biomass_elec-hydrogen,coal,kg,-0.120783,304.87,m
gasification-coal-biomass_elec-hydrogen,biomass,kg,-0.03019575,304.87,m
gasification-coal-biomass_elec-hydrogen,elec,MJ,1,304.87,m
gasification-coal-biomass_elec-hydrogen,water,kg,-0.4690524,304.87,m
gasification-coal-biomass_elec-hydrogen,hydrogen,kg,0.004619841,304.87,m
gasification-coal-biomass_elec-hydrogen,CO2,kg,0.04389167,304.87,m
gasification-coal-biomass_elec,coal,kg,-0.09338967,422.59,m
gasification-coal-biomass_elec,biomass,kg,-0.02334742,422.59,m
gasification-coal-biomass_elec,elec,MJ,1,422.59,m
gasification-coal-biomass_elec,water,kg,-0.0001242685,422.59,m
gasification-coal-biomass_elec,CO2,kg,0.01838889,422.59,m
gasification_coal_elec-hydrogen-noSupplementaryFiring,coal,kg,-0.003865424,2.7,m
gasification_coal_elec-hydrogen-noSupplementaryFiring,elec,MJ,1,2.7,m
gasification_coal_elec-hydrogen-noSupplementaryFiring,water,kg,-0.4712136,2.7,m
gasification_coal_elec-hydrogen-noSupplementaryFiring,hydrogen,kg,3.386848e-05,2.7,m
gasification_coal_elec-hydrogen-supplementaryFiring,coal,MJ,-0.2731281,3.8,m
gasification_coal_elec-hydrogen-supplementaryFiring,elec,MJ,1,3.8,m
gasification_coal_elec-hydrogen-supplementaryFiring,water,kg,-468.2196,3.8,m
gasification_coal_elec-hydrogen-supplementaryFiring,hydrogen,kg,0.002133,3.8,m
gasification_coal_elec-hydrogen-supplementaryFiring,CO2,kg,0.06763172,3.8,m
gasification-coal_elec,coal,kg,-0.1172323,500,m
gasification-coal_elec,elec,MJ,1,500,m
gasification-coal_elec,water,kg,-0.4941042,500,m
gasification-coal_elec,CO2,kg,0.02114444,500,m
gasification-coal-MSW_elec,coal,kg,-0.09868819,500,m
gasification-coal-MSW_elec,MSW,kg,-0.02467205,500,m
gasification-coal-MSW_elec,elec,MJ,1,500,m
gasification-coal-MSW_elec,water,kg,-0.4692166,500,m
gasification-coal-MSW_elec,CO2,kg,0.019775,500,m
gasification-coal-sludge_elec,coal,kg,-0.1014183,500,m
gasification-coal-sludge_elec,sludge,kg,0.02535457,500,m
gasification-coal-sludge_elec,elec,MJ,1,500,m
gasification-coal-sludge_elec,water,kg,-0.4682672,500,m
gasification-coal-sludge_elec,CO2,kg,0.01896944,500,m
gasification-coal-syngas,coal,kg,-0.08426184,500,m
gasification-coal-syngas,elec,MJ,1,500,m
gasification-coal-syngas,water,kg,-0.5399946,500,m
gasification-coal-syngas,CO2,kg,0.2058369,500,m
gasification-MSW-elec,MSW,kg,-0.680828,80,c
gasification-MSW-elec,coke,kg,-0.03056918,80,c
gasification-MSW-elec,gasNatural,kg,-0.001992733,80,c
gasification-MSW-elec,slag,kg,0.1177832,80,c
gasification-MSW-elec,metal,kg,0.01838235,80,c
gasification-MSW-elec,ash,kg,0.02246732,80,c
gasification-MSW-elec,elec,MJ,1,80,c
gasification-MSW-elec,water,kg,-191.6667,80,c
gasification_sludge_hydrogen,sludge,kg,0.4548736,7.7,c
gasification_sludge_hydrogen,water,kg,0.9205776,7.7,c
gasification_sludge_hydrogen,elec,MJ,1,7.7,c
gasification_sludge_hydrogen,slag,kg,-0.1046931,7.7,c
gasification_sludge_hydrogen,heat,MJ,-0.6389892,7.7,c
gasification_sludge_hydrogen,hydrogen,kg,-0.001805054,7.7,c
gasification_sludge_hydrogen,CO2,kg,-0.0007220217,7.7,c
gasification_sludge,sludge,kg,-0.6880952,2.85,c
gasification_sludge,heat,MJ,0.002380952,2.85,c
gasification_sludge,elec,MJ,1,2.85,c
gasification_sludge,water,kg,-0.4761905,2.85,c
gasification_sludge,slag,kg,0.0006904762,2.85,c
gasification-syngas-elec,syngas,MJ,-1.729323,450,m
gasification-syngas-elec,water,kg,-20.31907,450,m
gasification-syngas-elec,elec,MJ,1,450,m
gasification-syngas-elec,CO2,kg,0.2059722,450,m
gasification-waste-high-temp_steam,waste,kg,-0.296173,12.02,c
gasification-waste-high-temp_steam,heat,MJ,-5.357737,12.02,c
gasification-waste-high-temp_steam,elec,MJ,1,12.02,c
gasification-waste-high-temp_steam,water,kg,-0.9151414,12.02,c
gasification-waste-high-temp_steam,CO2,kg,0.4658902,12.02,c
gasification-waste-high-temp,waste,kg,-0.4141531,8.62,c
gasification-waste-high-temp,heat,MJ,-7.470998,8.62,c
gasification-waste-high-temp,elec,MJ,1,8.62,c
gasification-waste-high-temp,water,kg,-5.916473,8.62,c
gasification-waste-high-temp,CO2,kg,0.649652,8.62,c
gasification-waste-plama-ICE-steam-CC,waste,kg,-0.219151,10.13,c
gasification-waste-plama-ICE-steam-CC,heat,MJ,-3.957552,10.13,c
gasification-waste-plama-ICE-steam-CC,elec,MJ,1,10.13,c
gasification-waste-plama-ICE-steam-CC,water,kg,-0.06910168,10.13,c
gasification-waste-plama-ICE-steam-CC,CO2,kg,0.3445212,10.13,c
groundWater-pumping,groundWater,kg,-1,DEFINE-ACCORDING-TO-LOCAL-CONSTRAINTS,c
groundWater-pumping,elec,MJ,-0.00799,DEFINE-ACCORDING-TO-LOCAL-CONSTRAINTS,c
groundWater-pumping,groundWaterPumped,kg,1,DEFINE-ACCORDING-TO-LOCAL-CONSTRAINTS,c
heatingPlant-pyrolysis_biomass-oil,biomass,kg,-0.2516129,62,c
heatingPlant-pyrolysis_biomass-oil,elec,MJ,0.2967742,62,c
heatingPlant-pyrolysis_biomass-oil,heat,MJ,1,62,c
heatingPlant-pyrolysis_biomass-oil,biooil,kg,0.0003709677,62,c
heatingPlant-pyrolysis_biomass-oil,CO2,kg,2.693548e-05,62,c
heatingPlant-pyrolysis_biomass-oil,slag,kg,0.06290323,62,c
heatPump-ASHP-highEff-radOrDHW,elec,MJ,-0.5,13,c
heatPump-ASHP-highEff-radOrDHW,heat,MJ,1,13,c
heatPump-ASHP-highEff-screedFloor,elec,MJ,-0.3030303,13,c
heatPump-ASHP-highEff-screedFloor,heat,MJ,1,13,c
heatPump-ASHP-highEff-timberFloor,elec,MJ,-0.4545455,13,c
heatPump-ASHP-highEff-timberFloor,heat,MJ,1,13,c
heatPump-ASHP-screedFloor,elec,MJ,-0.4761905,13,c
heatPump-ASHP-screedFloor,heat,MJ,1,13,c
heatPump-ASHP-twoStage-screedFloor,elec,MJ,-0.4347826,13,c
heatPump-ASHP-twoStage-screedFloor,heat,MJ,1,13,c
heatPump-ASHP-twoStage-timberFloor,elec,MJ,-0.5263158,13,c
heatPump-ASHP-twoStage-timberFloor,heat,MJ,1,13,c
heatPump-groundCoupled-heating,elec,MJ,-0.2439024,13,c
heatPump-groundCoupled-heating,heat,MJ,1,13,c
heatPump-GSHP-screedFloor,elec,MJ,-0.2298851,13,c
heatPump-GSHP-screedFloor,heat,MJ,1,13,c
heatPump-GSHP-ground-radAndDHW,elec,MJ,-0.4166667,13,c
heatPump-GSHP-ground-radAndDHW,heat,MJ,1,13,c
heatPump-GSHP-ground-radOrDHW,elec,MJ,-0.3448276,13,c
heatPump-GSHP-ground-radOrDHW,heat,MJ,1,13,c
heatPump-GSHP-ground-screedFloor,elec,MJ,-0.1639344,13,c
heatPump-GSHP-ground-screedFloor,heat,MJ,1,13,c
heatPump-GSHP-ground-timberFloor,elec,MJ,-0.2702703,13,c
heatPump-GSHP-ground-timberFloor,heat,MJ,1,13,c
heatPump-GSHP-radOrDHW,elec,MJ,-0.4166667,13,c
heatPump-GSHP-radOrDHW,heat,MJ,1,13,c
heatPump-GSHP-timberFloor,elec,MJ,-0.3448276,13,c
heatPump-GSHP-timberFloor,heat,MJ,1,13,c
heatPump-sewage-cooling,elec,MJ,-0.2857143,13,c
heatPump-sewage-cooling,heat,MJ,1,13,c
heatPump-sewage-cooling,wastewater,kg,-17.14286,13,c
heatPump-sewage-heating,elec,MJ,-0.2325581,13,c
heatPump-sewage-heating,heat,MJ,1,13,c
heatPump-sewage-heating,wastewater,kg,-18.60465,13,c
heatPump-solarAssisted-cooling,solar,MJ,0.07324159,0.01,c
heatPump-solarAssisted-cooling,elec,MJ,-7.597859e-08,0.01,c
heatPump-solarAssisted-cooling,heat,MJ,1,0.01,c
heatPump-solarAssisted-heating,solar,MJ,-0.0006209524,0.01,c
heatPump-solarAssisted-heating,elec,MJ,-7.857619e-06,0.01,c
heatPump-solarAssisted-heating,heat,MJ,1,0.01,c
heatPump-transcriticalCO2-radAndDHW,elec,MJ,-0.3333333,13,c
heatPump-transcriticalCO2-radAndDHW,heat,MJ,1,13,c
heatPump-transcriticalCO2-radOrDHW,elec,MJ,-0.2380952,13,c
heatPump-transcriticalCO2-radOrDHW,heat,MJ,1,13,c
heatPump-transcriticalCO2-screedFloor,elec,MJ,-0.3030303,13,c
heatPump-transcriticalCO2-screedFloor,heat,MJ,1,13,c
waste-CO2toAtmosphere,waste,kg,-1,DEPENDS-ON-SIZE-OF-LANDFILL-SITE,c
waste-CO2toAtmosphere,CO2,kg,0.06375,DEPENDS-ON-SIZE-OF-LANDFILL-SITE,c
leachateTreatment_anaerobicMembraneBioreactor,leachate,kg,-1,9.26,r
leachateTreatment_anaerobicMembraneBioreactor,elec,MJ,-0.0001692,9.26,r
leachateTreatment_anaerobicMembraneBioreactor,methane,kg,0.000468,9.26,r
leachateTreatment_anaerobicMembraneBioreactor,CO2,kg,0.00071,9.26,r
leachateTreatment_anaerobicMembraneBioreactor,effluent,kg,1,9.26,r
leachateTreatment_comboBiological-solarFenton,leachate,kg,-1,9.26,m
leachateTreatment_comboBiological-solarFenton,elec,MJ,0.036,9.26,m
leachateTreatment_comboBiological-solarFenton,methanol,kg,-0.003,9.26,m
leachateTreatment_comboBiological-solarFenton,sludge,kg,0.00135,9.26,m
leachateTreatment_comboBiological-solarFenton,effluent,kg,1,9.26,m
leachateTreatment-electrodyalysis,leachate,kg,-1,13.89,r
leachateTreatment-electrodyalysis,elec,MJ,0.162,13.89,r
leachateTreatment-electrodyalysis,effluent,kg,1,13.89,r
looping_hydrogen-elec,coal,MJ,-0.2707533,3.78,m
looping_hydrogen-elec,elec,MJ,1,3.78,m
looping_hydrogen-elec,water,kg,-0.4697334,3.78,m
looping_hydrogen-elec,hydrogen,kg,0.01676623,3.78,m
looping_hydrogen-elec,ash,kg,0.02782137,3.78,m
looping_hydrogen-elec,coal,kg,-0.1429544,7.36,m
looping_hydrogen-elec,water,kg,-0.4695772,7.36,m
looping_hydrogen-elec,elec,MJ,1,7.36,m
looping_hydrogen-elec,hydrogen,kg,0.00599437,7.36,m
looping_hydrogen-elec,CO2,kg,1.37803e-05,7.36,m
looping_hydrogen-elec,ash,kg,0.01429476,7.36,m
microalgae-biodiesel,algaeDry,kg,-5.617978,3.17,ml
microalgae-biodiesel,elec,MJ,-22.92135,3.17,ml
microalgae-biodiesel,heat,MJ,-26.51685,3.17,ml
microalgae-biodiesel,biodiesel,kg,1,3.17,ml
microalgae-biodiesel,digestate,kg,1.741573,3.17,ml
microalgae-biodiesel,CO2,kg,2.292135,3.17,ml
microalgae-biodiesel,methane,kg,4.511236,3.17,ml
microalgae-biofuels_wetExtraction,algae,kg,-5.042966,21,r
microalgae-biofuels_wetExtraction,elec,MJ,-1.803102,21,r
microalgae-biofuels_wetExtraction,heat,MJ,-17.1713,21,r
microalgae-biofuels_wetExtraction,biodiesel,kg,1,21,r
microalgae-biofuels_wetExtraction,CO2,kg,0.0141203,21,r
microalgae-biofuels_wetExtraction,methane,kg,0.02783717,21,r
microCHP-fuelCell-methane,methane,kg,-0.07122544,0.001,c
microCHP-fuelCell-methane,heat,MJ,1.707342,0.001,c
microCHP-fuelCell-methane,elec,MJ,1,0.001,c
microCHP-fuelCell-methane,CO2,kg,0.2024302,0.001,c
mixedRawSludge_biogas,sludge,kg,-2.409607,1.284,c
mixedRawSludge_biogas,biogas,kg,1,1.284,c
mixedRawSludge_biogas,heat,MJ,-6.009691,1.284,c
mixedRawSludge_biogas,elec,MJ,-0.3469834,1.284,c
mixedRawSludge_biogas,digestate,kg,1.54128,1.284,c
nuclear-directUseSpentFuel,uranium,kg,-5.213611e-06,7900,c
nuclear-directUseSpentFuel,elec,MJ,1,7900,c
nuclear-directUseSpentFuel,nuclearFuelSpent,kg,6.858333e-07,7900,c
nuclear-directUseSpentFuel,water,kg,-0.8486111,7900,c
nuclear-fastReactorRecycling-pyroprocess,uranium,kg,-3.428333e-06,7900,c
nuclear-fastReactorRecycling-pyroprocess,elec,MJ,1,7900,c
nuclear-fastReactorRecycling-pyroprocess,water,kg,-0.8486111,7900,c
nuclear-onceThrough,uranium,kg,-5.678889e-06,7900,c
nuclear-onceThrough,elec,MJ,1,7900,c
nuclear-onceThrough,nuclearFuelSpent,kg,5.8e-07,7900,c
nuclear-onceThrough,water,kg,-0.8486111,7900,c
nuclear-thermalReactorRecycling,uranium,kg,-4.978056e-06,7900,c
nuclear-thermalReactorRecycling,elec,MJ,1,7900,c
nuclear-thermalReactorRecycling,nuclearFuelSpent,kg,7.194444e-08,7900,c
nuclear-thermalReactorRecycling,water,kg,-0.8486111,7900,c
elecplant-biomass,biomass,kg,-0.32,740,c
elecplant-biomass,elec,MJ,1,740,c
elecplant-biomass,waterPotable,kg,-0.68,740,c
elecplant-biomass,heat,MJ,3,740,c
elecplant-biomass,ash,kg,0.032,740,c
elecplant-coal,coal,kg,-0.1012658,5400,c
elecplant-coal,elec,MJ,1,5400,c
elecplant-coal,heat,MJ,1.56962,5400,c
elecplant-coal,water,kg,-0.8670886,5400,c
elecplant-coal,CO2,kg,0.2341772,5400,c
elecplant-coal,ash,kg,0.01012658,5400,c
elecplant-cofiring-biomass-coal-fluidisedBed,coal,kg,-0.88,1100,c
elecplant-cofiring-biomass-coal-fluidisedBed,biomass,kg,-0.032,1100,c
elecplant-cofiring-biomass-coal-fluidisedBed,elec,MJ,1,1100,c
elecplant-cofiring-biomass-coal-fluidisedBed,heat,MJ,1.666667,1100,c
elecplant-cofiring-biomass-coal-fluidisedBed,water,kg,-0.8666667,1100,c
elecplant-cofiring-biomass-coal-fluidisedBed,CO2,kg,0.2096667,1100,c
elecplant-cofiring-biomass-coal-fluidisedBed,ash,kg,0.01210667,1100,c
elecplant-cofiring-biomass-coal-pulverisedCoal,coal,MJ,-0.09333333,CHECK-REFERENCE,c
elecplant-cofiring-biomass-coal-pulverisedCoal,biomass,kg,-0.02133333,CHECK-REFERENCE,c
elecplant-cofiring-biomass-coal-pulverisedCoal,elec,MJ,1,CHECK-REFERENCE,c
elecplant-cofiring-biomass-coal-pulverisedCoal,heat,MJ,1.666667,CHECK-REFERENCE,c
elecplant-cofiring-biomass-coal-pulverisedCoal,consumption,kg,-0.8666667,CHECK-REFERENCE,c
elecplant-cofiring-biomass-coal-pulverisedCoal,CO2,kg,0.222,CHECK-REFERENCE,c
elecplant-cofiring-biomass-coal-pulverisedCoal,ash,kg,0.01154667,CHECK-REFERENCE,c
elecplant_hydrogenLooping,coal,kg,-0.08534684,12,r
elecplant_hydrogenLooping,elec,MJ,1,12,r
elecplant_hydrogenLooping,CO2,kg,0.0108106,12,r
elecplant_hydrogenLooping,waterPotable,kg,-0.6819619,12,r
elecplant_hydrogenLooping,ash,kg,0.008534684,12,r
review-methanogenic-digestion,biomass,kg,-3.861153,1.27,r
review-methanogenic-digestion,methane,kg,1,1.27,r
review-methanogenic-digestion,heat,MJ,-1.112012,1.27,r
review-methanogenic-digestion,digestate,kg,1.158346,1.27,r
review-biomass-MFC-elec-butannol,biomass,kg,-0.7142857,1.27,m
review-biomass-MFC-elec-butannol,elec,MJ,1,1.27,m
review-biomass-MFC-elec-butannol,heat,MJ,-0.2057143,1.27,m
review-biomass-MFC-elec-butannol,digestate,kg,0.2142857,1.27,m
review-butanol-fermentation,biomass,kg,-5.555556,3.56,r
review-butanol-fermentation,butanol,kg,1,3.56,r
review-butanol-fermentation,heat,MJ,-1.6,3.56,r
review-butanol-fermentation,digestate,kg,1.666667,3.56,r
review-ethanol-fermentation,biomass,kg,-0.001785714,1.27,m
review-ethanol-fermentation,ethanol,MJ,1,1.27,m
review-ethanol-fermentation,heat,MJ,-0.5339286,1.27,m
review-ethanol-fermentation,digestate,kg,0.5357143,1.27,m
review-hydrogen-fermentation,biomass,kg,-118.3432,3.56,ml
review-hydrogen-fermentation,hydrogen,kg,1,3.56,ml
review-hydrogen-fermentation,heat,MJ,-34.08284,3.56,ml
review-hydrogen-fermentation,digestate,kg,35.50296,3.56,ml
SAF-MBR_wastewater,wastewater,kg,-1,63083.33,c
SAF-MBR_wastewater,elec,MJ,-0.0001692,63083.33,c
SAF-MBR_wastewater,methane,MJ,1.59e-05,63083.33,c
SAF-MBR_wastewater,effluent,kg,1,63083.33,c
sludge-biodiesel,sludge,kg,-26.3,3.17,m
sludge-biodiesel,heat,MJ,-2.84,3.17,m
sludge-biodiesel,methanol,kg,-0.10381,3.17,m
sludge-biodiesel,elec,MJ,-2.1024,3.17,m
sludge-biodiesel,water,kg,-0.505,3.17,m
sludge-biodiesel,biodiesel,kg,1,3.17,m
sludge-biodiesel,waste,kg,0.00455,3.17,m
sludge-biodiesel,fertilizer,kg,0.00497,3.17,m
solar-CSP-dryCooling,solar,MJ,-5.524862,50,c
solar-CSP-dryCooling,elec,MJ,1,50,c
solar-CSP-dryCooling,water,kg,-0.07486188,50,c
solar-CSP,solar,MJ,-7.042254,550,c
solar-CSP,elec,MJ,1,550,c
solar-CSP,water,kg,-0.06566901,550,c
solar-to-hydrogen_photochemical,solar,MJ,1428.571,41,ml
solar-to-hydrogen_photochemical,hydrogen,kg,1,41,ml
solar-to-hydrogen_photochemical,water,kg,1.798571,41,ml
solar-to-hydrogen_photoelectrolysis,solar,MJ,-909.0909,41,ml
solar-to-hydrogen_photoelectrolysis,hydrogen,kg,1,41,ml
solar-to-hydrogen_photoelectrolysis,water,kg,-1.830909,41,ml
solar-to-hydrogen_thermochemical,solar,MJ,-315.4574,41,ml
solar-to-hydrogen_thermochemical,hydrogen,kg,1,41,ml
solar-to-hydrogen_thermochemical,water,kg,-1.786751,41,ml
solar-to-hydrogen_waterElectrolysis,solar,MJ,-473.9336,41,ml
solar-to-hydrogen_waterElectrolysis,hydrogen,kg,1,41,ml
solar-to-hydrogen_waterElectrolysis,water,kg,-1.789573,41,ml
surfaceWater_treatment-potable,surfaceWater,kg,-1,46296.3,c
surfaceWater_treatment-potable,elec,MJ,-9e-04,46296.3,c
surfaceWater_treatment-potable,waterPotable,kg,1,46296.3,c
thermochemical_cornStover_ethanol,biomass,kg,-4.623827,DONE,DONE
thermochemical_cornStover_ethanol,water,kg,-2.480357,DONE,DONE
thermochemical_cornStover_ethanol,CO2,kg,4.213838,DONE,DONE
thermochemical_cornStover_ethanol,ethanol,kg,1,DONE,DONE
thermochemical_cornStover_ethanol,elec,MJ,-1.324171,DONE,DONE
thermochemical_cornStover_ethanol,ash,kg,0.3416026,DONE,DONE
thermochemical_wastePaper_ethanol,biomass,kg,-3.903511,DONE,DONE
thermochemical_wastePaper_ethanol,water,kg,-2.322801,DONE,DONE
thermochemical_wastePaper_ethanol,CO2,kg,2.670524,DONE,DONE
thermochemical_wastePaper_ethanol,ethanol,kg,1,DONE,DONE
thermochemical_wastePaper_ethanol,elec,MJ,-1.235878,DONE,DONE
thermochemical_wastePaper_ethanol,ash,kg,0.0577432,DONE,DONE
thermochemical_wheatStraw_ethanol,biomass,kg,-4.402565,DONE,DONE
thermochemical_wheatStraw_ethanol,water,kg,-2.493422,DONE,DONE
thermochemical_wheatStraw_ethanol,CO2,kg,4.056566,DONE,DONE
thermochemical_wheatStraw_ethanol,ethanol,kg,1,DONE,DONE
thermochemical_wheatStraw_ethanol,elec,MJ,-1.328008,DONE,DONE
thermochemical_wheatStraw_ethanol,ash,kg,0.6760864,DONE,DONE
thermochemical_woodChips_ethanol,biomass,kg,-7.541152,DONE,DONE
thermochemical_woodChips_ethanol,water,kg,-2.44636,DONE,DONE
thermochemical_woodChips_ethanol,CO2,kg,4.787114,DONE,DONE
thermochemical_woodChips_ethanol,ethanol,kg,1,DONE,DONE
thermochemical_woodChips_ethanol,elec,MJ,-1.302131,DONE,DONE
thermochemical_woodChips_ethanol,ash,kg,0.05796118,DONE,DONE
wasteWaterEffluent_wetlands,effluent,kg,-1,43.9,c
wasteWaterEffluent_wetlands,elec,MJ,-0.000594,43.9,c
wasteWaterEffluent_wetlands,waterNonPotable,kg,1,43.9,c
wastewater-algaeCultivation-manurePhotobioreactor,manure,kg,-242.4242,0.00000295,ml
wastewater-algaeCultivation-manurePhotobioreactor,fuel,MJ,-27.27273,0.00000295,ml
wastewater-algaeCultivation-manurePhotobioreactor,algae,kg,1,0.00000295,ml
wastewater-algaeCultivation-manurePhotobioreactor,CO2,kg,-15.15152,0.00000295,ml
wastewater-algaeCultivation-manurePhotobioreactor,wastewater,kg,-121.2121,0.00000295,ml
wastewater-algaeCultivation-municipalWastewater,wastewater,kg,-60.60606,0.00000295,ml
wastewater-algaeCultivation-municipalWastewater,fuel,MJ,-36.36364,0.00000295,ml
wastewater-algaeCultivation-municipalWastewater,algae,kg,1,0.00000295,ml
wastewater-algaeCultivation-municipalWastewater,CO2,kg,-15.15152,0.00000295,ml
wastewater-algaeCultivation-municipalWastewater,effluent,kg,30.30303,0.00000295,ml
wastewater-algaeCultivation-openPond,water,kg,-757.5758,0.00405,ml
wastewater-algaeCultivation-openPond,fuel,MJ,-45.45455,0.00405,ml
wastewater-algaeCultivation-openPond,algae,kg,1,0.00405,ml
wastewater-algaeCultivation-openPond,CO2,kg,0.03030303,0.00405,ml
wastewater-algaeCultivation-openPond,effluent,kg,378.7879,0.00405,ml
wastewater_anaerobicMembraneBioreactor,wastewater,kg,-1,555.56,ml
wastewater_anaerobicMembraneBioreactor,elec,MJ,-0.0002088,555.56,ml
wastewater_anaerobicMembraneBioreactor,biogas,kg,4.159e-05,555.56,ml
wastewater_anaerobicMembraneBioreactor,effluent,kg,1,555.56,ml
wastewater-biogas-elec-hydrogen_biogas-elec,biogas,kg,-0.03496683,1.206,c
wastewater-biogas-elec-hydrogen_biogas-elec,heat,MJ,0.2578773,1.206,c
wastewater-biogas-elec-hydrogen_biogas-elec,elec,MJ,1,1.206,c
wastewater-biogas-elec-hydrogen_biogas-heat,biogas,kg,0.2128019,NUMBERS-DONT-MAKE-SENSE,CHECK HEAT VALUE
wastewater-biogas-elec-hydrogen_biogas-heat,heat,MJ,1,NUMBERS-DONT-MAKE-SENSE,CHECK HEAT VALUE
wastewater-biogas-elec-hydrogen_biogas-heat,water,MJ,0.01196135,NUMBERS-DONT-MAKE-SENSE,CHECK HEAT VALUE
wastewater-biogas-elec-hydrogen_elec-hydrogen_HTE,elec,MJ,-483.7758,0.00000136,c
wastewater-biogas-elec-hydrogen_elec-hydrogen_HTE,water,kg,-7522.124,0.00000136,c
wastewater-biogas-elec-hydrogen_elec-hydrogen_HTE,hydrogen,kg,1,0.00000136,c
wastewater-biogas-elec-hydrogen_elec-hydrogen_KOH,elec,MJ,-310.0623,0.00000188,c
wastewater-biogas-elec-hydrogen_elec-hydrogen_KOH,water,kg,-4821.09,0.00000188,c
wastewater-biogas-elec-hydrogen_elec-hydrogen_KOH,hydrogen,kg,1,0.00000188,c
wastewater-biogas-elec-hydrogen_elec-hydrogen_PEM,elec,MJ,-287.7193,0.000002007,c
wastewater-biogas-elec-hydrogen_elec-hydrogen_PEM,water,kg,-4473.684,0.000002007,c
wastewater-biogas-elec-hydrogen_elec-hydrogen_PEM,hydrogen,kg,1,0.000002007,c
wastewater-biogas-elec-hydrogen_wastewater-biogas,wastewater,kg,-1,11.6,c
wastewater-biogas-elec-hydrogen_wastewater-biogas,heat,MJ,-0.03301724,11.6,c
wastewater-biogas-elec-hydrogen_wastewater-biogas,elec,MJ,-0.05965517,11.6,c
wastewater-biogas-elec-hydrogen_wastewater-biogas,biogas,kg,0.007433621,11.6,c
wasteWaterEffluent_livingMachine,effluent,kg,-1,0.198,c
wasteWaterEffluent_livingMachine,elec,MJ,-0.005544,0.198,c
wasteWaterEffluent_livingMachine,waterNonPotable,kg,1,0.198,c
wasteWaterEffluent-reuse_Singapore,effluent,kg,-1,CHECK-REFERENCE,c
wasteWaterEffluent-reuse_Singapore,elec,MJ,-0.00297,CHECK-REFERENCE,c
wasteWaterEffluent-reuse_Singapore,waterPotable,kg,1,CHECK-REFERENCE,c
wastewater-reuse-irrigation,wastewater,kg,-1,9722.2,c
wastewater-reuse-irrigation,elec,MJ,-0.01044,9722.2,c
wastewater-reuse-irrigation,waterIrrigation,kg,-1,9722.2,c
wastewater-reuse-potable,wastewater,kg,-1,462.96,c
wastewater-reuse-potable,elec,MJ,-0.01116,462.96,c
wastewater-reuse-potable,waterPotable,kg,-1,462.96,c
wastewater-reuse-residential,wastewater,kg,-1,6944.4,c
wastewater-reuse-residential,elec,MJ,0.002646,6944.4,c
wastewater-reuse-residential,waterPotable,kg,1,6944.4,c
constructed-wetland,effluent,kg,-1,43.9,c
constructed-wetland,waterIrrigation,kg,1,43.9,c
constructed-wetland,effluent,kg,-1,43.9,c
constructed-wetland,waterNonPotable,kg,1,43.9,c
WtE-MSW_cogen,MSW,kg,-0.244,86,c
WtE-MSW_cogen,elec,MJ,1,86,c
WtE-MSW_cogen,water,kg,0.868,86,c
WtE-MSW_cogen,heat,MJ,2.2,86,c
WtE-MSW_cogen,ash,kg,0.0608,86,c
WtE-MSW_cogen,CO2,kg,0.1708,86,c
WtE-MSW_elec,MSW,kg,-0.02412,86,c
WtE-MSW_elec,elec,MJ,1,86,c
WtE-MSW_elec,water,kg,0.868,86,c
WtE-MSW_elec,ash,kg,0.0608,86,c
WtE-MSW_elec,CO2,kg,0.1708,86,c
WtE,waste,kg,-0.2384106,86,c
WtE,heat,MJ,-4.264901,86,c
WtE,elec,MJ,1,86,c
WtE,water,kg,-0.4701987,86,c
WtE,CO2,kg,0.3708609,86,c
WtE,ash,kg,0.02384106,86,c
activated-sludge-ozone,wastewater,kg,1.06383,0.0116,c
activated-sludge-ozone,elec,MJ,0.003255319,0.0116,c
activated-sludge-ozone,ozone,kg,3.191489e-05,0.0116,c
activated-sludge-ozone,activatedSludge,kg,0.03297872,0.0116,c
activated-sludge-ozone,sludge,kg,-0.03297872,0.0116,c
activated-sludge-ozone,effluent,kg,-1,0.0116,c
activated-sludge-ozone,CO2,kg,-0.0006223404,0.0116,c
activated-sludge,wastewater,kg,1.06383,0.0116,c
activated-sludge,elec,MJ,0.003255319,0.0116,c
activated-sludge,activatedSludge,kg,0.06595745,0.0116,c
activated-sludge,sludge,kg,-0.06595745,0.0116,c
activated-sludge,effluent,kg,-1,0.0116,c
activated-sludge,CO2,kg,-0.0006223404,0.0116,c
algae-cultivation,elec,MJ,-9.785714,4.05e-09,c
algae-cultivation,water,kg,-982.1429,4.05e-09,c
algae-cultivation,algae,kg,1,4.05e-09,c
algae-cultivation,CO2,kg,-1.8,4.05e-09,c
algae-production-pond,algae,kg,1,4.05e-09,c
algae-production-pond,water,kg,-2857.184,4.05e-09,c
algae-production-pond,elec,MJ,-3.7845,4.05e-09,c
algae-production-pond,CO2,kg,-1.8,4.05e-09,c
anaerobic-digester-annamox,wastewater,kg,-1,0.0116,c
anaerobic-digester-annamox,heat,MJ,-0.2961026,0.0116,c
anaerobic-digester-annamox,elec,MJ,-0.1543716,0.0116,c
anaerobic-digester-annamox,methane,kg,0.09341281,0.0116,c
anaerobic-digester-annamox,CO2,kg,0.08321619,0.0116,c
anaerobic-digester-annamox,digestate,kg,0.7314249,0.0116,c
anaerobicDigestion_wastewater,wastewater,kg,-1,0.0116,c
anaerobicDigestion_wastewater,methane,kg,3.9e-05,0.0116,c
anaerobicDigestion_wastewater,elec,MJ,-0.0001692,0.0116,c
anaerobicDigestion_wastewater,CO2,kg,0.01,0.0116,c
anaerobicDigestion_wastewater,digestate,kg,0.01,0.0116,c
anaerobicDigestion_sludge_manure,wastewater,kg,-1,0.0116,c
anaerobicDigestion_sludge_manure,manurePoultry,kg,-0.4285714,0.0116,c
anaerobicDigestion_sludge_manure,effluent,kg,1.113362,0.0116,c
anaerobicDigestion_sludge_manure,water,kg,0.01646662,0.0116,c
anaerobicDigestion_sludge_manure,digestate,kg,0.001380569,0.0116,c
anaerobicDigestion_sludge_manure,methane,kg,6.429109e-05,0.0116,c
anaerobicDigestion_sludge_manure,CO2,kg,3.284418e-05,0.0116,c
anaerobicDigestion_sludge_manure,elec,MJ,-0.001159566,0.0116,c
anaerobicDigestion_sludge,wastewater,kg,-1,0.0116,c
anaerobicDigestion_sludge,effluent,kg,0.7793534,0.0116,c
anaerobicDigestion_sludge,water,kg,0.01152664,0.0116,c
anaerobicDigestion_sludge,digestate,kg,0.0009663982,0.0116,c
anaerobicDigestion_sludge,methane,kg,0.001665283,0.0116,c
anaerobicDigestion_sludge,CO2,kg,1.519739e-05,0.0116,c
anaerobicDigestion_sludge,elec,MJ,-0.0008116965,0.0116,c
anaerobicDigestion_sludge_usedOil,wastewater,kg,-1,0.0116,c
anaerobicDigestion_sludge_usedOil,oilUsed,kg,-0.2345679,0.0116,c
anaerobicDigestion_sludge_usedOil,effluent,kg,0.9621648,0.0116,c
anaerobicDigestion_sludge_usedOil,water,kg,0.01423042,0.0116,c
anaerobicDigestion_sludge_usedOil,digestate,kg,0.001193084,0.0116,c
anaerobicDigestion_sludge_usedOil,methane,kg,7.408669e-05,0.0116,c
anaerobicDigestion_sludge_usedOil,CO2,kg,3.752443e-05,0.0116,c
anaerobicDigestion_sludge_usedOil,elec,MJ,-0.001002095,0.0116,c
AnMBR-reverseOsmosis_wastewater,wastewater,kg,-1,0.0116,m
AnMBR-reverseOsmosis_wastewater,elec,MJ,-0.0216,0.0116,m
AnMBR-reverseOsmosis_wastewater,methane,kg,4.4e-05,0.0116,m
AnMBR-reverseOsmosis_wastewater,CO2,kg,2.26e-05,0.0116,m
AnMBR-reverseOsmosis_wastewater,effluent,kg,1,0.0116,m
biochemical_cornStover_ethanol,biomass,kg,-1.493435,0.007243,c
biochemical_cornStover_ethanol,water,kg,-2.841672,0.007243,c
biochemical_cornStover_ethanol,CO2,kg,1.305745,0.007243,c
biochemical_cornStover_ethanol,ethanol,kg,0.3486149,0.007243,c
biochemical_cornStover_ethanol,elec,MJ,1,0.007243,c
biochemical_cornStover_ethanol,waste,kg,0.1036497,0.007243,c
biochemical_wastePaper_ethanol,biomass,kg,-1.194811,0.0084985,c
biochemical_wastePaper_ethanol,water,kg,-2.792652,0.0084985,c
biochemical_wastePaper_ethanol,CO2,kg,0.9495725,0.0084985,c
biochemical_wastePaper_ethanol,ethanol,kg,0.2971107,0.0084985,c
biochemical_wastePaper_ethanol,elec,MJ,1,0.0084985,c
biochemical_wastePaper_ethanol,waste,kg,0.08226156,0.0084985,c
biochemical_wheatStraw_ethanol,biomass,kg,-1.268481,0.009477,c
biochemical_wheatStraw_ethanol,water,kg,-2.655057,0.009477,c
biochemical_wheatStraw_ethanol,CO2,kg,1.319893,0.009477,c
biochemical_wheatStraw_ethanol,ethanol,kg,0.2664335,0.009477,c
biochemical_wheatStraw_ethanol,elec,MJ,1,0.009477,c
biochemical_wheatStraw_ethanol,waste,kg,0.09316277,0.009477,c
biochemical_woodChips_ethanol,biomass,kg,-2.36895,0.00783,c
biochemical_woodChips_ethanol,water,kg,-1.807496,0.00783,c
biochemical_woodChips_ethanol,CO2,kg,1.586629,0.00783,c
biochemical_woodChips_ethanol,ethanol,kg,0.3224513,0.00783,c
biochemical_woodChips_ethanol,elec,MJ,1,0.00783,c
biochemical_woodChips_ethanol,waste,kg,0.07878638,0.00783,c
biodiesel_boiler,biodiesel,kg,-0.03443333,0.025,c
biodiesel_boiler,heat,MJ,1,0.025,c
biodiesel-cookingOil,oilUsed,kg,-1.054545,0.0193,c
biodiesel-cookingOil,elec,MJ,-0.05318182,0.0193,c
biodiesel-cookingOil,methanol,kg,-0.0967375,0.0193,c
biodiesel-cookingOil,biodiesel,kg,1,0.0193,c
biodiesel-cookingOil,water,kg,0.01136364,0.0193,c
biogas-MSW-agri,biomassAgriWaste,kg,-1,0.254,c
biogas-MSW-agri,heat,MJ,-0.288,0.254,c
biogas-MSW-agri,elec,MJ,-0.144,0.254,c
biogas-MSW-agri,methane,kg,0.29,0.254,c
biogas-MSW-agri,CO2,kg,0.4356,0.254,c
biogas-MSW-agri,digestate,kg,0.3,0.254,c
biogas-CHP,biogas,kg,-0.0003123362,0.5,c
biogas-CHP,elec,MJ,1,0.5,c
biogas-CHP,heat,MJ,1.032583,0.5,c
biogas-CHP,CO2,kg,0,0.5,c
biogas-MSW-food,foodWaste,kg,6.923098,0.254,c
biogas-MSW-food,methane,kg,-1.453851,0.254,c
biogas-MSW-food,heat,MJ,1.993852,0.254,c
biogas-MSW-food,elec,MJ,1,0.254,c
biogas-MSW-food,CO2,kg,-2.250007,0.254,c
biogas-MSW-food,digestate,kg,-2.076929,0.254,c
biogas-MSW-sewage-combo,MSW,kg,-1,0.254,c
biogas-MSW-sewage-combo,wastewater,kg,-1,0.254,c
biogas-MSW-sewage-combo,methane,kg,0.09524138,0.254,c
biogas-MSW-sewage-combo,heat,MJ,-0.576,0.254,c
biogas-MSW-sewage-combo,elec,MJ,-0.288,0.254,c
biogas-MSW-sewage-combo,CO2,kg,0.1453103,0.254,c
biogas-MSW-sewage-combo,digestate,kg,0.6,0.254,c
biogas-MSW,MSW,kg,-1,0.254,c
biogas-MSW,methane,kg,0.222,0.254,c
biogas-MSW,heat,MJ,-0.288,0.254,c
biogas-MSW,elec,MJ,-0.144,0.254,c
biogas-MSW,CO2,kg,0.339,0.254,c
biogas-MSW,digestate,kg,0.3,0.254,c
biogas-municipalFoodWaste-greenWaste-CNG-heat-elec,elec,MJ,0,0.254,m
biogas-municipalFoodWaste-greenWaste-CNG-heat-elec,heat,MJ,0.07826087,0.254,m
biogas-municipalFoodWaste-greenWaste-CNG-heat-elec,biogas,kg,0.0001289565,0.254,m
biogas-municipalFoodWaste-greenWaste-CNG-heat-elec,CNG,kg,0.1509565,0.254,m
biogas-municipalFoodWaste-greenWaste-CNG-heat-elec,MSW,kg,-1,0.254,m
biogas-municipalFoodWaste-greenWaste-CNG-heat-elec,digestate,kg,0.3,0.254,m
biogas-municipalFoodWaste-greenWaste-CNG-heat,elec,MJ,-0.2191304,0.254,m
biogas-municipalFoodWaste-greenWaste-CNG-heat,heat,MJ,0,0.254,m
biogas-municipalFoodWaste-greenWaste-CNG-heat,biogas,kg,0.0001470174,0.254,m
biogas-municipalFoodWaste-greenWaste-CNG-heat,CNG,kg,0.1197609,0.254,m
biogas-municipalFoodWaste-greenWaste-CNG-heat,MSW,kg,-1,0.254,m
biogas-municipalFoodWaste-greenWaste-CNG-heat,digestate,kg,0.3,0.254,m
biogas-municipalFoodWaste-greenWaste-CNG,elec,MJ,-0.2347826,0.254,m
biogas-municipalFoodWaste-greenWaste-CNG,heat,MJ,-0.2003478,0.254,m
biogas-municipalFoodWaste-greenWaste-CNG,biogas,kg,0.0001651913,0.254,m
biogas-municipalFoodWaste-greenWaste-CNG,CNG,kg,0.1345217,0.254,m
biogas-municipalFoodWaste-greenWaste-CNG,MSW,kg,-1,0.254,m
biogas-municipalFoodWaste-greenWaste-CNG,digestate,kg,0.3,0.254,m
biogas-municipalFoodWaste-greenWaste-elec,elec,MJ,0.8514783,0.254,m
biogas-municipalFoodWaste-greenWaste-elec,heat,MJ,1.051826,0.254,m
biogas-municipalFoodWaste-greenWaste-elec,biogas,kg,0.0001449304,0.254,m
biogas-municipalFoodWaste-greenWaste-elec,MSW,kg,-1,0.254,m
biogas-municipalFoodWaste-greenWaste-elec,digestate,kg,0.3,0.254,m
biogas-UPGRADE-methane-AwR,elec,MJ,-0.4743552,0.254,c
biogas-UPGRADE-methane-AwR,water,kg,-21.37563,0.254,c
biogas-UPGRADE-methane-AwR,biogas,kg,-3.018974,0.254,c
biogas-UPGRADE-methane-AwR,methane,kg,1,0.254,c
biogas-UPGRADE-methane-BABIU,elec,MJ,-0.9184509,0.254,c
biogas-UPGRADE-methane-BABIU,water,kg,0,0.254,c
biogas-UPGRADE-methane-BABIU,biogas,kg,-3.065696,0.254,c
biogas-UPGRADE-methane-BABIU,methane,kg,1,0.254,c
biogas-UPGRADE-methane-BABIU,ash,kg,0,0.254,c
biogas-UPGRADE-methane-HPWS,elec,MJ,-2.234994,0.254,c
biogas-UPGRADE-methane-HPWS,water,kg,0,0.254,c
biogas-UPGRADE-methane-HPWS,biogas,kg,-3.065715,0.254,c
biogas-UPGRADE-methane-HPWS,methane,kg,1,0.254,c
biogas-vegWaste,vegWaste,kg,-5.075884,0.254,c
biogas-vegWaste,methane,kg,1,0.254,c
biogas-vegWaste,CO2,kg,1.624131,0.254,c
biogas-vegWaste,digestate,kg,1.522765,0.254,c
biomass_ethanol,biomass,kg,-4.157161,0.159,r
biomass_ethanol,ethanol,kg,1,0.159,r
biomass_ethanol,heat,MJ,-2.95057,0.159,r
biomass_ethanol,elec,MJ,-0.7376426,0.159,r
biomass_ethanol,water,kg,-0.7338403,0.159,r
biomass_ethanol,wastewater,kg,0.7338403,0.159,r
biomass-gasification,biomass,kg,-0.02800179,0.14,r
biomass-gasification,CO2,kg,0.008092518,0.14,r
biomass-gasification,elec,MJ,1,0.14,r
biomass-gasification,heat,MJ,0.1814516,0.14,r
biomass-gasification,ash,kg,0.002240143,0.14,r
biomass-gasification,water,kg,-0.46931,0.14,r
biomass-pyrolysis,biooil,kg,1,1,c
biomass-pyrolysis,biomass,kg,-2.797203,1,c
biomass-pyrolysis,water,kg,-251.7483,1,c
biomass-pyrolysis,elec,MJ,-2.517483,1,c
biomass-pyrolysis,gasNatural,kg,-2.84965e-05,1,c
biomass-pyrolysis,CO2,kg,0.3003497,1,c
biomass-pyrolysis,slag,kg,0.6993007,1,c
CHP-biomass,biomass,kg,-0.6153846,0.005,c
CHP-biomass,elec,MJ,1,0.005,c
CHP-biomass,heat,MJ,6.692308,0.005,c
CHP-decentralised-fuelCell_biomass,biomass,kg,-0.1781077,0.005,m
CHP-decentralised-fuelCell_biomass,elec,MJ,1,0.005,m
CHP-decentralised-fuelCell_biomass,heat,MJ,0.8449782,0.005,m
CHP-fuelCell_hydrogen,hydrogen,kg,-0.01505376,0.005,c
CHP-fuelCell_hydrogen,elec,MJ,1,0.005,c
CHP-fuelCell_hydrogen,heat,MJ,0.4623656,0.005,c
CHP-fuelCell_hydrogen,waterNonPotable,kg,0.2987097,0.005,c
CHP-gas_fuelOil,oil,kg,-0.06943333,0.5,c
CHP-gas_fuelOil,elec,MJ,1,0.5,c
CHP-gas_fuelOil,heat,MJ,1.2,0.5,c
CHP-gas_fuelOil,CO2,kg,0.247,0.5,c
wasteGas,gasLandfill,MJ,-0.1201333,0.5,c
wasteGas,elec,MJ,1,0.5,c
wasteGas,heat,MJ,1.2,0.5,c
wasteGas,CO2,kg,0.198,0.5,c
CHP-gas_gasNatural,gasNatural,kg,-0.0622,0.5,c
CHP-gas_gasNatural,elec,MJ,1,0.5,c
CHP-gas_gasNatural,heat,MJ,1.2,0.5,c
CHP-gas_gasNatural,CO2,kg,0.1703333,0.5,c
CHP-microTurbine_liquidFuel,gasoline,kg,-0.1008,0.03,c
CHP-microTurbine_liquidFuel,elec,MJ,1,0.03,c
CHP-microTurbine_liquidFuel,heat,MJ,1.66,0.03,c
CHP-microTurbine_liquidFuel,CO2,kg,0.2772,0.03,c
CHP-microTurbine_gasNatural,gasNatural,kg,-0.07464,0.03,c
CHP-microTurbine_gasNatural,elec,MJ,1,0.03,c
CHP-microTurbine_gasNatural,heat,MJ,1.66,0.03,c
CHP-microTurbine_gasNatural,CO2,kg,0.2044,0.03,c
CHP-reciprocatingEngine_LPG,LPG,kg,-0.06338235,0.005,c
CHP-reciprocatingEngine_LPG,elec,MJ,1,0.005,c
CHP-reciprocatingEngine_LPG,heat,MJ,1.308824,0.005,c
CHP-reciprocatingEngine_LPG,CO2,kg,0.1855882,0.005,c
CHP-reciprocatingEngine_gasNatural,gasNatural,kg,-0.05488235,0.005,c
CHP-reciprocatingEngine_gasNatural,elec,MJ,1,0.005,c
CHP-reciprocatingEngine_gasNatural,heat,MJ,1.308824,0.005,c
CHP-reciprocatingEngine_gasNatural,CO2,kg,0.1502941,0.005,c
CHP-reciprocatingEngine_wasteGas,gasWaste,MJ,-2.941176,0.005,c
CHP-reciprocatingEngine_wasteGas,elec,MJ,1,0.005,c
CHP-reciprocatingEngine_wasteGas,heat,MJ,1.308824,0.005,c
CHP-reciprocatingEngine_wasteGas,CO2,kg,0.1747059,0.005,c
coalLooping_hydrogen-elec,coal,kg,-0.09347222,300,m
coalLooping_hydrogen-elec,water,kg,-0.1393333,300,m
coalLooping_hydrogen-elec,elec,MJ,1,300,m
coalLooping_hydrogen-elec,CO2,kg,0.002316667,300,m
coalLooping_hydrogen-elec,ash,kg,0.03966111,300,m
coalLooping_hydrogen-elec,wastewater,kg,0.1491694,300,m
coalLooping_hydrogen-elec,heat,MJ,1.01,300,m
cofiring-biomass-coal,coal,kg,-0.07714286,1131,c
cofiring-biomass-coal,biomass,kg,-0.06857143,1131,c
cofiring-biomass-coal,elec,MJ,1,1131,c
cofiring-biomass-coal,heat,MJ,1.857143,1131,c
cofiring-biomass-coal,water,kg,-0.8571429,1131,c
cofiring-biomass-coal,CO2,kg,0.185,1131,c
cofiring-biomass-coal,ash,kg,0.015,1131,c
cofiring-boiler_coal-biomass,coal,kg,-0.08640035,10,c
cofiring-boiler_coal-biomass,biomass,kg,-0.01006873,10,c
cofiring-boiler_coal-biomass,heat,MJ,1.162791,10,c
cofiring-boiler_coal-biomass,elec,MJ,1,10,c
cofiring-boiler_coal-biomass,water,kg,-0.8672778,10,c
cofiring-boiler_coal-biomass,CO2,kg,0.09249366,10,c
cofiring-boiler_coal-biomass,ash,kg,0.09647067,10,c
combustion-biomass,biomass,kg,-0.2666667,8.7,c
combustion-biomass,elec,MJ,1,8.7,c
combustion-biomass,heat,MJ,2.333333,8.7,c
combustion-biomass,water,kg,-0.7,8.7,c
combustion-biomass,ash,kg,0.02666667,8.7,c
coal-combustion-bituminous,coal,kg,-0.1333333,8.7,c
coal-combustion-bituminous,elec,MJ,1,8.7,c
coal-combustion-bituminous,heat,MJ,2.333333,8.7,c
coal-combustion-bituminous,water,kg,-0.8666667,8.7,c
coal-combustion-bituminous,CO2,kg,0.3083333,8.7,c
coal-combustion-bituminous,ash,kg,0.01333333,8.7,c
combustion-coal-combined-cycle,coal,kg,-0.07843137,400,c
combustion-coal-combined-cycle,elec,MJ,1,400,c
combustion-coal-combined-cycle,heat,MJ,0.9607843,400,c
combustion-coal-combined-cycle,water,kg,-0.8627451,400,c
combustion-coal-combined-cycle,ash,kg,0.007843137,400,c
combustion-coal,coal,kg,-0.1212121,400,c
combustion-coal,elec,MJ,1,400,c
combustion-coal,heat,MJ,2.030303,400,c
combustion-coal,water,kg,-0.8666667,400,c
combustion-coal,CO2,kg,0.280303,400,c
combustion-coal,ash,kg,0.01212121,400,c
combustion-sludgeDigested,digestate,kg,-4.644097,0.00935,c
combustion-sludgeDigested,gasNatural,kg,-0.2361241,0.00935,c
combustion-sludgeDigested,elec,MJ,1,0.00935,c
combustion-sludgeDigested,heat,MJ,11.25781,0.00935,c
combustion-sludgeDigested,ash,kg,0.78125,0.00935,c
combustion-sludgeDigested,water,kg,-40.53819,0.00935,c
combustion-sludgeDigested,CO2,kg,0.646875,0.00935,c
combustion-sludgeRaw,sludge,kg,-1.962081,0.00935,c
combustion-sludgeRaw,gasNatural,kg,-0.04305109,0.00935,c
combustion-sludgeRaw,elec,MJ,1,0.00935,c
combustion-sludgeRaw,heat,MJ,5.069489,0.00935,c
combustion-sludgeRaw,water,kg,-0.6983025,0.00935,c
combustion-sludgeRaw,CO2,kg,0.1179409,0.00935,c
combustion-sludgeRaw,ash,kg,0.1984127,0.00935,c
constructed-wetland,wastewater,kg,-1,1.75,c
constructed-wetland,effluent,kg,0.95,1.75,c
cooling-thermallyActivated_adsorption-silica,heat,MJ,-2.5,0.005,c
cooling-thermallyActivated_adsorption-silica,cooling,MJ,1,0.005,c
cooling-thermallyActivated_H2O-NH3_single-small,heat,MJ,-1.818182,0.01,c
cooling-thermallyActivated_H2O-NH3_single-small,cooling,MJ,1,0.01,c
cooling-thermallyActivated_H2O-NH3_single,heat,MJ,-2.352941,0.01,c
cooling-thermallyActivated_H2O-NH3_single,cooling,MJ,1,0.01,c
cooling-thermallyActivated_LiBr-H2O_double,heat,MJ,-0.9090909,0.02,c
cooling-thermallyActivated_LiBr-H2O_double,cooling,MJ,1,0.02,c
cooling-thermallyActivated_LiBr-H2O_single,heat,MJ,-1.666667,0.005,c
cooling-thermallyActivated_LiBr-H2O_single,cooling,MJ,1,0.005,c
cooling-thermallyActivated_liquidDessicant,heat,MJ,-1.176471,0.05,c
cooling-thermallyActivated_liquidDessicant,cooling,MJ,1,0.05,c
cooling-thermallyActivated_solidDessicant,heat,MJ,-1.538462,0.005,c
cooling-thermallyActivated_solidDessicant,cooling,MJ,1,0.005,c
desalination-Cu-Cl-combo,heat,MJ,-0.02777778,2.3148,ml
desalination-Cu-Cl-combo,seawater,kg,-2.999339,2.3148,ml
desalination-Cu-Cl-combo,hydrogen,kg,0.1102293,2.3148,ml
desalination-Cu-Cl-combo,water,kg,1,2.3148,ml
desalination-mechanicalVapourCompression,seawater,kg,3,2.3148,r
desalination-mechanicalVapourCompression,water,kg,1,2.3148,r
desalination-mechanicalVapourCompression,elec,MJ,0.01764,2.3148,r
desalination-mechanicalVapourCompression,seawater,kg,-1,2.3148,c
desalination-mechanicalVapourCompression,water,kg,1,2.3148,c
desalination-mechanicalVapourCompression,elec,MJ,-0.036,2.3148,c
desalination-multiEffectDistillation,seawater,kg,3,2.3148,c
desalination-multiEffectDistillation,water,kg,1,2.3148,c
desalination-multiEffectDistillation,elec,MJ,0.0072,2.3148,c
desalination-multiEffectDistillation,heat,MJ,0.32,2.3148,c
desalination-multiStageFlash,seawater,kg,3,2.3148,c
desalination-multiStageFlash,water,kg,1,2.3148,c
desalination-multiStageFlash,elec,MJ,0.018,2.3148,c
desalination-multiStageFlash,heat,MJ,0.25,2.3148,c
desalination-ReverseOsmosis-PV,seawater,kg,-3,0.002583,ml
desalination-ReverseOsmosis-PV,water,kg,1,0.002583,ml
desalination-ReverseOsmosis-PV,solar,MJ,-0.4146,0.002583,ml
desalination-ReverseOsmosis,seawater,kg,3,2.3148,c
desalination-ReverseOsmosis,water,kg,1,2.3148,c
desalination-ReverseOsmosis,elec,MJ,0.0144,2.3148,c
desalination-solarPond,waterBrackish,kg,-3,0.0266,c
desalination-solarPond,water,kg,1,0.0266,c
desalination-solarPond,elec,MJ,-1.095,0.0266,c
desalination-wind,waterBrackish,kg,3,0.083,r
desalination-wind,water,kg,1,0.083,r
desalination-wind,elec,MJ,0.0648,0.083,r
digestion_biomassAgriWaste_biodiesel,biomassAgriWaste,kg,-25.78306,0.317,c
digestion_biomassAgriWaste_biodiesel,biodiesel,kg,1,0.317,c
digestion_biomassAgriWaste_biodiesel,elec,MJ,10.07723,0.317,c
digestion_biomassAgriWaste_biodiesel,heat,MJ,13.26684,0.317,c
distributed-engine-cogen,diesel,kg,-0.052075,1,c
distributed-engine-cogen,elec,MJ,1,1,c
distributed-engine-cogen,heat,MJ,1,1,c
distributed-engine-cogen,CO2,kg,0.18525,1,c
distributed-engine,diesel,kg,-0.052075,1,c
distributed-engine,elec,MJ,1,1,c
distributed-engine,CO2,kg,0.18525,1,c
distributed-fuelCells-cogen,hydrogen,kg,-0.0175,0.05,cm
distributed-fuelCells-cogen,elec,MJ,1,0.05,cm
distributed-fuelCells-cogen,heat,MJ,1.125,0.05,cm
distributed-fuelCells-cogen,waterHot,kg,0.139,0.05,cm
distributed-fuelCells-elec,hydrogen,kg,-0.0175,0.05,cm
distributed-fuelCells-elec,elec,MJ,1,0.05,cm
distributed-fuelCells-elec,water,kg,0.139,0.05,cm
distributed-gas-turbine-micro-cogen,gasNatural,kg,-0.05331429,0.03,c
distributed-gas-turbine-micro-cogen,elec,MJ,1,0.03,c
distributed-gas-turbine-micro-cogen,heat,MJ,1.285714,0.03,c
distributed-gas-turbine-micro-cogen,CO2,kg,0.1602857,0.03,c
distributed-gas-turbine-micro,gasNatural,MJ,-0.05331429,0.03,c
distributed-gas-turbine-micro,elec,MJ,1,0.03,c
distributed-gas-turbine-micro,CO2,kg,0.1602857,0.03,c
distributed-solar,solar,MJ,-5.882353,1,c
distributed-solar,elec,MJ,1,1,c
distributed-wind,wind,MJ,-3.333333,0.001,c
distributed-wind,elec,MJ,1,0.001,c
fuelCell_ethanol,ethanol,kg,-0.08813953,3e-06,ml
fuelCell_ethanol,elec,MJ,1,3e-06,ml
fuelCell_ethanol,CO2,kg,0.1545116,3e-06,ml
fuelCell_leachate,leachate,kg,-2906977,3e-06,ml
fuelCell_leachate,elec,MJ,1,3e-06,ml
fuelCell_leachate,wastewater,kg,2906977,3e-06,ml
fuelCell_sludge_energy,sludge,kg,-160.5652,3e-06,ml
fuelCell_sludge_energy,elec,MJ,1,3e-06,ml
fuelCell_sludge_energy,methane,kg,0.2231856,3e-06,ml
gasification-biomass-methanol-backPressure,biomass,kg,-3.089996,0.52,m
gasification-biomass-methanol-backPressure,water,kg,-1.544998,0.52,m
gasification-biomass-methanol-backPressure,methanol,kg,1,0.52,m
gasification-biomass-methanol-backPressure,elec,MJ,3.167246,0.52,m
gasification-biomass-methanol-condensingTurbine-heatPump-twoSteamLevels,biomass,kg,-3.088803,0.52,m
gasification-biomass-methanol-condensingTurbine-heatPump-twoSteamLevels,water,kg,-0.1158301,0.52,m
gasification-biomass-methanol-condensingTurbine-heatPump-twoSteamLevels,methanol,kg,1,0.52,m
gasification-biomass-methanol-condensingTurbine-heatPump-twoSteamLevels,elec,MJ,0.2316602,0.52,m
gasification-biomass-methanol-condensingTurbine-noDrying-adjusted,biomass,kg,-3.587444,0.447,m
gasification-biomass-methanol-condensingTurbine-noDrying-adjusted,methanol,kg,1,0.447,m
gasification-biomass-methanol-condensingTurbine-noDrying-adjusted,elec,MJ,1.03139,0.447,m
gasification-biomass-methanol-condensingTurbine-noDrying-adjusted,water,kg,-0.4484305,0.447,m
gasification-biomass-methanol-condensingTurbine-noDrying,biomass,kg,-3.587444,0.447,m
gasification-biomass-methanol-condensingTurbine-noDrying,water,kg,-0.2690583,0.447,m
gasification-biomass-methanol-condensingTurbine-noDrying,methanol,kg,1,0.447,m
gasification-biomass-methanol-condensingTurbine-noDrying,elec,MJ,0.5829596,0.447,m
gasification-biomass-methanol-condensingTurbine-noDrying,heat,MJ,2.690583,0.447,m
gasification-coal_elec,coal,kg,-0.1172323,400,m
gasification-coal_elec,elec,MJ,1,400,m
gasification-coal_elec,water,kg,-0.4941042,400,m
gasification-coal_elec,CO2,kg,0.02114444,400,m
gasification-coal-MSW_elec,coal,kg,-0.09868819,400,m
gasification-coal-MSW_elec,MSW,kg,-0.02467205,400,m
gasification-coal-MSW_elec,elec,MJ,1,400,m
gasification-coal-MSW_elec,water,kg,-0.4692166,400,m
gasification-coal-MSW_elec,CO2,kg,0.019775,400,m
gasification-coal-sludge_elec,coal,kg,-0.1014183,400,m
gasification-coal-sludge_elec,sludge,kg,0.02535457,400,m
gasification-coal-sludge_elec,elec,MJ,1,400,m
gasification-coal-sludge_elec,water,kg,-0.4682672,400,m
gasification-coal-sludge_elec,CO2,kg,0.01896944,400,m
gasification-coal-syngas,coal,kg,-0.08426184,400,m
gasification-coal-syngas,elec,MJ,1,400,m
gasification-coal-syngas,water,kg,-0.5399946,400,m
gasification-coal-syngas,CO2,kg,0.2058369,400,m
gasification-MSW-elec,MSW,kg,-0.680828,50,c
gasification-MSW-elec,coke,kg,-0.03056918,50,c
gasification-MSW-elec,gasNatural,kg,-0.001992733,50,c
gasification-MSW-elec,slag,kg,0.1177832,50,c
gasification-MSW-elec,metal,kg,0.01838235,50,c
gasification-MSW-elec,ash,kg,0.02246732,50,c
gasification-MSW-elec,elec,MJ,1,50,c
gasification-MSW-elec,water,kg,-191.6667,50,c
gasification_sludge_hydrogen,sludge,kg,0.4548736,0.62,c
gasification_sludge_hydrogen,water,kg,0.9205776,0.62,c
gasification_sludge_hydrogen,elec,MJ,1,0.62,c
gasification_sludge_hydrogen,slag,kg,-0.1046931,0.62,c
gasification_sludge_hydrogen,heat,MJ,-0.6389892,0.62,c
gasification_sludge_hydrogen,hydrogen,kg,-0.001805054,0.62,c
gasification_sludge_hydrogen,CO2,kg,-0.0007220217,0.62,c
gasification_sludge,sludge,kg,-0.6880952,0.62,c
gasification_sludge,heat,MJ,0.002380952,0.62,c
gasification_sludge,elec,MJ,1,0.62,c
gasification_sludge,water,kg,-0.4761905,0.62,c
gasification_sludge,slag,kg,0.0006904762,0.62,c
gasification-syngas-elec,syngas,MJ,-1.729323,400,m
gasification-syngas-elec,water,kg,-20.31907,400,m
gasification-syngas-elec,elec,MJ,1,400,m
gasification-syngas-elec,CO2,kg,0.2059722,400,m
gasification-waste-high-temp_steam,waste,kg,-0.296173,0.04,c
gasification-waste-high-temp_steam,heat,MJ,-5.357737,0.04,c
gasification-waste-high-temp_steam,elec,MJ,1,0.04,c
gasification-waste-high-temp_steam,water,kg,-0.9151414,0.04,c
gasification-waste-high-temp_steam,CO2,kg,0.4658902,0.04,c
gasification-waste-high-temp,waste,kg,-0.4141531,0.04,c
gasification-waste-high-temp,heat,MJ,-7.470998,0.04,c
gasification-waste-high-temp,elec,MJ,1,0.04,c
gasification-waste-high-temp,water,kg,-5.916473,0.04,c
gasification-waste-high-temp,CO2,kg,0.649652,0.04,c
gasification-waste-plama-ICE-steam-CC,waste,kg,-0.219151,7.92,c
gasification-waste-plama-ICE-steam-CC,heat,MJ,-3.957552,7.92,c
gasification-waste-plama-ICE-steam-CC,elec,MJ,1,7.92,c
gasification-waste-plama-ICE-steam-CC,water,kg,-0.06910168,7.92,c
gasification-waste-plama-ICE-steam-CC,CO2,kg,0.3445212,7.92,c
heatPump-ASHP-highEff-radOrDHW,elec,MJ,-0.5,0.005,c
heatPump-ASHP-highEff-radOrDHW,heat,MJ,1,0.005,c
heatPump-ASHP-highEff-screedFloor,elec,MJ,-0.3030303,0.005,c
heatPump-ASHP-highEff-screedFloor,heat,MJ,1,0.005,c
heatPump-ASHP-highEff-timberFloor,elec,MJ,-0.4545455,0.005,c
heatPump-ASHP-highEff-timberFloor,heat,MJ,1,0.005,c
heatPump-ASHP-screedFloor,elec,MJ,-0.4761905,0.005,c
heatPump-ASHP-screedFloor,heat,MJ,1,0.005,c
heatPump-ASHP-twoStage-screedFloor,elec,MJ,-0.4347826,0.005,c
heatPump-ASHP-twoStage-screedFloor,heat,MJ,1,0.005,c
heatPump-ASHP-twoStage-timberFloor,elec,MJ,-0.5263158,0.005,c
heatPump-ASHP-twoStage-timberFloor,heat,MJ,1,0.005,c
heatPump-groundCoupled-heating,elec,MJ,-0.2439024,0.005,c
heatPump-groundCoupled-heating,heat,MJ,1,0.005,c
heatPump-GSHP-screedFloor,elec,MJ,-0.2298851,0.005,c
heatPump-GSHP-screedFloor,heat,MJ,1,0.005,c
heatPump-GSHP-ground-radAndDHW,elec,MJ,-0.4166667,0.005,c
heatPump-GSHP-ground-radAndDHW,heat,MJ,1,0.005,c
heatPump-GSHP-ground-radOrDHW,elec,MJ,-0.3448276,0.005,c
heatPump-GSHP-ground-radOrDHW,heat,MJ,1,0.005,c
heatPump-GSHP-ground-screedFloor,elec,MJ,-0.1639344,0.005,c
heatPump-GSHP-ground-screedFloor,heat,MJ,1,0.005,c
heatPump-GSHP-ground-timberFloor,elec,MJ,-0.2702703,0.005,c
heatPump-GSHP-ground-timberFloor,heat,MJ,1,0.005,c
heatPump-GSHP-radOrDHW,elec,MJ,-0.4166667,0.005,c
heatPump-GSHP-radOrDHW,heat,MJ,1,0.005,c
heatPump-GSHP-timberFloor,elec,MJ,-0.3448276,0.005,c
heatPump-GSHP-timberFloor,heat,MJ,1,0.005,c
heatPump-sewage-cooling,elec,MJ,-0.2857143,0.005,c
heatPump-sewage-cooling,heat,MJ,1,0.005,c
heatPump-sewage-cooling,wastewater,kg,-17.14286,0.005,c
heatPump-sewage-heating,elec,MJ,-0.2325581,0.005,c
heatPump-sewage-heating,heat,MJ,1,0.005,c
heatPump-sewage-heating,wastewater,kg,-18.60465,0.005,c
heatPump-transcriticalCO2-radAndDHW,elec,MJ,-0.3333333,0.005,c
heatPump-transcriticalCO2-radAndDHW,heat,MJ,1,0.005,c
heatPump-transcriticalCO2-radOrDHW,elec,MJ,-0.2380952,0.005,c
heatPump-transcriticalCO2-radOrDHW,heat,MJ,1,0.005,c
heatPump-transcriticalCO2-screedFloor,elec,MJ,-0.3030303,0.005,c
heatPump-transcriticalCO2-screedFloor,heat,MJ,1,0.005,c
microalgae-biodiesel,algaeDry,kg,-5.617978,0.00317,ml
microalgae-biodiesel,elec,MJ,-22.92135,0.00317,ml
microalgae-biodiesel,heat,MJ,-26.51685,0.00317,ml
microalgae-biodiesel,biodiesel,kg,1,0.00317,ml
microalgae-biodiesel,digestate,kg,1.741573,0.00317,ml
microalgae-biodiesel,CO2,kg,2.292135,0.00317,ml
microalgae-biodiesel,methane,kg,4.511236,0.00317,ml
microalgae-biofuels_wetExtraction,algae,kg,-5.042966,0.0012,r
microalgae-biofuels_wetExtraction,elec,MJ,-1.803102,0.0012,r
microalgae-biofuels_wetExtraction,heat,MJ,-17.1713,0.0012,r
microalgae-biofuels_wetExtraction,biodiesel,kg,1,0.0012,r
microalgae-biofuels_wetExtraction,CO2,kg,0.0141203,0.0012,r
microalgae-biofuels_wetExtraction,methane,kg,0.02783717,0.0012,r
mixedRawSludge_biogas,sludge,kg,-2.409607,0.0116,c
mixedRawSludge_biogas,biogas,kg,1,0.0116,c
mixedRawSludge_biogas,heat,MJ,-6.009691,0.0116,c
mixedRawSludge_biogas,elec,MJ,-0.3469834,0.0116,c
mixedRawSludge_biogas,digestate,kg,1.54128,0.0116,c
nuclear-directUseSpentFuel,uranium,kg,-5.213611e-06,0.068,c
nuclear-directUseSpentFuel,elec,MJ,1,0.068,c
nuclear-directUseSpentFuel,nuclearFuelSpent,kg,6.858333e-07,0.068,c
nuclear-directUseSpentFuel,water,kg,-0.8486111,0.068,c
nuclear-fastReactorRecycling-pyroprocess,uranium,kg,-3.428333e-06,0.068,c
nuclear-fastReactorRecycling-pyroprocess,elec,MJ,1,0.068,c
nuclear-fastReactorRecycling-pyroprocess,water,kg,-0.8486111,0.068,c
nuclear-onceThrough,uranium,kg,-5.678889e-06,0.068,c
nuclear-onceThrough,elec,MJ,1,0.068,c
nuclear-onceThrough,nuclearFuelSpent,kg,5.8e-07,0.068,c
nuclear-onceThrough,water,kg,-0.8486111,0.068,c
nuclear-thermalReactorRecycling,uranium,kg,-4.978056e-06,0.068,c
nuclear-thermalReactorRecycling,elec,MJ,1,0.068,c
nuclear-thermalReactorRecycling,nuclearFuelSpent,kg,7.194444e-08,0.068,c
nuclear-thermalReactorRecycling,water,kg,-0.8486111,0.068,c
elecplant-biomass,biomass,kg,-0.32,0.04,c
elecplant-biomass,elec,MJ,1,0.04,c
elecplant-biomass,waterPotable,kg,-0.68,0.04,c
elecplant-biomass,heat,MJ,3,0.04,c
elecplant-biomass,ash,kg,0.032,0.04,c
elecplant-coal,coal,kg,-0.1012658,10,c
elecplant-coal,elec,MJ,1,10,c
elecplant-coal,heat,MJ,1.56962,10,c
elecplant-coal,water,kg,-0.8670886,10,c
elecplant-coal,CO2,kg,0.2341772,10,c
elecplant-coal,ash,kg,0.01012658,10,c
elecplant-cofiring-biomass-coal-fluidisedBed,coal,kg,-0.88,10,c
elecplant-cofiring-biomass-coal-fluidisedBed,biomass,kg,-0.032,10,c
elecplant-cofiring-biomass-coal-fluidisedBed,elec,MJ,1,10,c
elecplant-cofiring-biomass-coal-fluidisedBed,heat,MJ,1.666667,10,c
elecplant-cofiring-biomass-coal-fluidisedBed,water,kg,-0.8666667,10,c
elecplant-cofiring-biomass-coal-fluidisedBed,CO2,kg,0.2096667,10,c
elecplant-cofiring-biomass-coal-fluidisedBed,ash,kg,0.01210667,10,c
elecplant_hydrogenLooping,coal,kg,-0.08534684,10,r
elecplant_hydrogenLooping,elec,MJ,1,10,r
elecplant_hydrogenLooping,CO2,kg,0.0108106,10,r
elecplant_hydrogenLooping,waterPotable,kg,-0.6819619,10,r
elecplant_hydrogenLooping,ash,kg,0.008534684,10,r
review-methanogenic-digestion,biomass,kg,-3.861153,0.122,r
review-methanogenic-digestion,methane,kg,1,0.122,r
review-methanogenic-digestion,heat,MJ,-1.112012,0.122,r
review-methanogenic-digestion,digestate,kg,1.158346,0.122,r
review-biomass-MFC-elec-butannol,biomass,kg,-0.7142857,0.122,m
review-biomass-MFC-elec-butannol,elec,MJ,1,0.122,m
review-biomass-MFC-elec-butannol,heat,MJ,-0.2057143,0.122,m
review-biomass-MFC-elec-butannol,digestate,kg,0.2142857,0.122,m
review-butanol-fermentation,biomass,kg,-5.555556,0.5996,r
review-butanol-fermentation,butanol,kg,1,0.5996,r
review-butanol-fermentation,heat,MJ,-1.6,0.5996,r
review-butanol-fermentation,digestate,kg,1.666667,0.5996,r
review-ethanol-fermentation,biomass,kg,-0.001785714,0.122,m
review-ethanol-fermentation,ethanol,MJ,1,0.122,m
review-ethanol-fermentation,heat,MJ,-0.5339286,0.122,m
review-ethanol-fermentation,digestate,kg,0.5357143,0.122,m
review-hydrogen-fermentation,biomass,kg,-118.3432,0.5996,ml
review-hydrogen-fermentation,hydrogen,kg,1,0.5996,ml
review-hydrogen-fermentation,heat,MJ,-34.08284,0.5996,ml
review-hydrogen-fermentation,digestate,kg,35.50296,0.5996,ml
SAF-MBR_wastewater,wastewater,kg,-1,0.00657,c
SAF-MBR_wastewater,elec,MJ,-0.0001692,0.00657,c
SAF-MBR_wastewater,methane,MJ,1.59e-05,0.00657,c
SAF-MBR_wastewater,effluent,kg,1,0.00657,c
sludge-biodiesel,sludge,kg,-26.3,0.00317,m
sludge-biodiesel,heat,MJ,-2.84,0.00317,m
sludge-biodiesel,methanol,kg,-0.10381,0.00317,m
sludge-biodiesel,elec,MJ,-2.1024,0.00317,m
sludge-biodiesel,water,kg,-0.505,0.00317,m
sludge-biodiesel,biodiesel,kg,1,0.00317,m
sludge-biodiesel,waste,kg,0.00455,0.00317,m
sludge-biodiesel,fertilizer,kg,0.00497,0.00317,m
solar-CSP-dryCooling,solar,MJ,-5.524862,0.25,c
solar-CSP-dryCooling,elec,MJ,1,0.25,c
solar-CSP-dryCooling,water,kg,-0.07486188,0.25,c
solar-CSP,solar,MJ,-7.042254,0.25,c
solar-CSP,elec,MJ,1,0.25,c
solar-CSP,water,kg,-0.06566901,0.25,c
surfaceWater_treatment-potable,surfaceWater,kg,-1,7.41,c
surfaceWater_treatment-potable,elec,MJ,-9e-04,7.41,c
surfaceWater_treatment-potable,waterPotable,kg,1,7.41,c
wasteWaterEffluent_wetlands,effluent,kg,-1,1.75,c
wasteWaterEffluent_wetlands,elec,MJ,-0.000594,1.75,c
wasteWaterEffluent_wetlands,waterNonPotable,kg,1,1.75,c
wastewater-algaeCultivation-openPond,water,kg,-757.5758,4.05e-09,ml
wastewater-algaeCultivation-openPond,fuel,MJ,-45.45455,4.05e-09,ml
wastewater-algaeCultivation-openPond,algae,kg,1,4.05e-09,ml
wastewater-algaeCultivation-openPond,CO2,kg,0.03030303,4.05e-09,ml
wastewater-algaeCultivation-openPond,effluent,kg,378.7879,4.05e-09,ml
wastewater_anaerobicMembraneBioreactor,wastewater,kg,-1,0.0116,ml
wastewater_anaerobicMembraneBioreactor,elec,MJ,-0.0002088,0.0116,ml
wastewater_anaerobicMembraneBioreactor,biogas,kg,4.159e-05,0.0116,ml
wastewater_anaerobicMembraneBioreactor,effluent,kg,1,0.0116,ml
wastewater-biogas-elec-hydrogen_elec-hydrogen_HTE,elec,MJ,-483.7758,1.82e-07,c
wastewater-biogas-elec-hydrogen_elec-hydrogen_HTE,water,kg,-7522.124,1.82e-07,c
wastewater-biogas-elec-hydrogen_elec-hydrogen_HTE,hydrogen,kg,1,1.82e-07,c
wastewater-biogas-elec-hydrogen_elec-hydrogen_KOH,elec,MJ,-310.0623,2.32e-07,c
wastewater-biogas-elec-hydrogen_elec-hydrogen_KOH,water,kg,-4821.09,2.32e-07,c
wastewater-biogas-elec-hydrogen_elec-hydrogen_KOH,hydrogen,kg,1,2.32e-07,c
wastewater-biogas-elec-hydrogen_elec-hydrogen_PEM,elec,MJ,-287.7193,2.74e-07,c
wastewater-biogas-elec-hydrogen_elec-hydrogen_PEM,water,kg,-4473.684,2.74e-07,c
wastewater-biogas-elec-hydrogen_elec-hydrogen_PEM,hydrogen,kg,1,2.74e-07,c
wastewater-biogas-elec-hydrogen_wastewater-biogas,wastewater,kg,-1,0.0116,c
wastewater-biogas-elec-hydrogen_wastewater-biogas,heat,MJ,-0.03301724,0.0116,c
wastewater-biogas-elec-hydrogen_wastewater-biogas,elec,MJ,-0.05965517,0.0116,c
wastewater-biogas-elec-hydrogen_wastewater-biogas,biogas,kg,0.007433621,0.0116,c
wastewater-reuse-irrigation,wastewater,kg,-1,0.0116,c
wastewater-reuse-irrigation,elec,MJ,-0.01044,0.0116,c
wastewater-reuse-irrigation,waterIrrigation,kg,-1,0.0116,c
wastewater-reuse-potable,wastewater,kg,-1,0.0116,c
wastewater-reuse-potable,elec,MJ,-0.01116,0.0116,c
wastewater-reuse-potable,waterPotable,kg,-1,0.0116,c
wastewater-reuse-residential,wastewater,kg,-1,0.0116,c
wastewater-reuse-residential,elec,MJ,0.002646,0.0116,c
wastewater-reuse-residential,waterPotable,kg,1,0.0116,c
constructed-wetland,effluent,kg,-1,1.75,c
constructed-wetland,waterIrrigation,kg,1,1.75,c
constructed-wetland,effluent,kg,-1,1.75,c
constructed-wetland,waterNonPotable,kg,1,1.75,c
WtE-MSW_cogen,MSW,kg,-0.244,7.6,c
WtE-MSW_cogen,elec,MJ,1,7.6,c
WtE-MSW_cogen,water,kg,0.868,7.6,c
WtE-MSW_cogen,heat,MJ,2.2,7.6,c
WtE-MSW_cogen,ash,kg,0.0608,7.6,c
WtE-MSW_cogen,CO2,kg,0.1708,7.6,c
WtE-MSW_elec,MSW,kg,-0.02412,7.6,c
WtE-MSW_elec,elec,MJ,1,7.6,c
WtE-MSW_elec,water,kg,0.868,7.6,c
WtE-MSW_elec,ash,kg,0.0608,7.6,c
WtE-MSW_elec,CO2,kg,0.1708,7.6,c
WtE,waste,kg,-0.2384106,7.6,c
WtE,heat,MJ,-4.264901,7.6,c
WtE,elec,MJ,1,7.6,c
WtE,water,kg,-0.4701987,7.6,c
WtE,CO2,kg,0.3708609,7.6,c
WtE,ash,kg,0.02384106,7.6,c
